Tibetan	Description
ཀ་དག་	pure from the beginning | alpha purity
ཀ་བ་	pillar
ཀརྨ་	action | karma
ཀརྨ་མཱ་ལེ་འཕྲིན་ལས་ཀྱི་རྒྱུད་	Tantra of Enlightened Activity the Karma Ma Ley
ཀརྨ་ཤ་ཏཾ་བམ་པོ་དགུ་	the Sutra on the One Hundred Karmas
ཀུན་	all
ཀུན་གཞི་	all-ground | all-base
ཀུན་གཞིའི་རྣམ་པར་ཤེས་པ་	alaya consciousness
ཀུན་གཞིའི་རྣམ་ཤེས་	all base consciousness
ཀུན་ཏུ་བཟང་པོ་	Samantabhadra
ཀུན་ཏུ་སྣང་བ་	total appearance
ཀུན་ཏུ་སྣང་བའི་ཏིང་ངེ་འཛིན་	concentration total appearance
ཀུན་དགའ་བོ་	Ananda
ཀུན་དར་མ	kundarma (another name of the central channel)
ཀུན་དུ་རྟོག་པ་ཆ་དང་བཅས་པ་	discursive thought along with its aspects
ཀུན་བཏགས་	designated
ཀུན་བརྗོད་པའི་ཆོ་འཕྲུལ་	magical emanation of total expression
ཀུན་བྱེད་	all creating
ཀུན་འདུས་རིག་པའི་མདོ་	Sutra of the Compendium of Knowledge
ཀུན་རྟོག་	discursive thought | fiction | examination | consideration | analysis (with concepts)
ཀུན་རྫོབ་	fictional | relative
ཀུན་རྫོབ་ཀྱི་རྩ་	fictional channels
ཀུན་ལས་བཏུས་པ་	compendium
ཀུན་སྤྱོད་	conduct | behavior
ཀོ་	leather
ཀྱང་	Can have several functions a) one of རྒྱན་སྡུད་ used with endings ག་ ད་ བ་ ས་ and re-suffixed ད་ b) inclusion (e.g. also, further, too, moreover, and also as all-inclusive)
ཀླད་པ	brain
ཀླད་པ་	brain
ཀླུ	naga
ཀླུ་རྒྱལ་	naga king
ཀླུང་	a tract of land
ཀློག་	to read | to study
ཀློག་པ་	to read
ཀློག་པའི་འཁོར་ལོ་	Wheel of Reading
ཀློང་	space
ཀློང་ཡངས་	spacious expanse
ཀློང་སྡེ་	space section
ཀློད་	to release | to loosen | to relax
ཁ	mouth | front side | surface
ཁ་	mouth | front side | surface
ཁ་གཡེང་	distraction | scatteredness | to be distracted
ཁ་ཅིག་	one person
ཁ་ཏོན་	recitation | recital
ཁ་དོག་	color
ཁ་ཕྱིར་ལྟ	to be looking faced outward | to be outward looking
ཁ་ཕྱེ་	to open
ཁ་ཟས་	foods
ཁ་ལས་	activities of speech
ཁ་སྦྱར་	to join
ཁ་སྦྱོར་	union | joining | unification
ཁང་	housing
ཁང་པ་	house
ཁང་བཟང་	palace | residence | mansion
ཁབ་	needle
ཁམས་	realm | element | constituent
ཁམས་གསུམ་སྒྲོན་མའི་རྒྱུད་	Tantra of the Lamp of Three Realms
ཁམས་བདེ་བར་གཤེགས་པའི་སྙིང་པོ་	essence of buddha-realm
ཁས་བླངས་	Commitment | promise
ཁས་ལེན་པ་	to assert | to verbally declare | to verbally state
ཁུ་ཁྲག་	semen and blood
ཁུ་བྱུག་	cuckoo
ཁུ་ཚུར་	the fist
ཁུར	{p} to carry
ཁེངས་པ་	full of oneself | inflated | puffed up
ཁེངས་པ་	was filled up with | have been filled up with
ཁོ་ན	exclusively
ཁོ་བོ་	I | me | me myself
ཁོང་	he
ཁོང་ཁྲོ་	anger
ཁོང་གསེང་	an empty crack | crevice | cleft | fissure | hollow
ཁོད་སྙོམས་པ་	even
ཁྱད་པར	difference | special
ཁྱད་པར་	difference | special
ཁྱད་པར་ཅན་	having the special feature
ཁྱད་པར་དུ་	especially
ཁྱད་པར་བ་	specific
ཁྱབ་པ	to pervade | to spread over
ཁྱབ་པ་	to pervade | to spread over
ཁྱབ་བྱེད་	pervader
ཁྱབ་བྱེད་ཀྱི་རླུང་	pervader loong
ཁྱབ་འཇུག་	Vishnu
ཁྱམས་	gallery | hall | yard | court yard
ཁྱི་	dog
ཁྱུང་	Garuda
ཁྱུང་ཆེན་གཤོག་རྫོགས་ཀྱི་རྒྱུད་	Tantra of Great Garuda’s Complete Wings
ཁྱེད་	you
ཁྱེར་	{P} to carry
ཁྱོད་	you
ཁྲག་	blood
ཁྲག་ཁྲིག་	one hundred thousand million
ཁྲག་མཁྲིས་	blood and tripa
ཁྲག་འཐུང་	Heruka | blood-drinker
ཁྲག་འཐུང་མངོན་འབྱུང་གི་རྒྱུད་	Heruka Manifestation Tantra
ཁྲིད་	instruction | guidance
ཁྲིད་ཡིག་	texbook | written instructions
ཁྲིམས	rule | law | regulation
ཁྲུ་	cubit
ཁྲུས་གསོལ་	bath offering
ཁྲེགས་ཆོད་	cutting-through
ཁྲོ་བོ་	wrathful | wrathful one
ཁྲོ་བོ་བཅུའི་རྒྱུད་	the Ten Wrathful Ones Tantra
ཁྲོ་མོ་	female wrathful one
ཁྲོན་པ་	a well
ག་གོན་	Tapusha
ག་ཆད་པ་	despair
ག་བུར་	camphor
ག་ལ་	how could
གང་	who | what | which
གང་དག་	which | what | who
གང་པོ་	Purna
གང་བ	to become full
གང་བ་	become full | to be filled
གང་ཞིག་	someone | one who
གང་ཞེ་ན་	if asked why | if asked how
གང་ཟག་	(ordinary) person
གང་ཡང་	whatever | whatsoever | anything |  any | nothing | none at all
གང་རུང་	whichever | whatever | any | whoever
གངས་རིར་གནས་པའི་སྡེ་	the group dwelling on the snowy mountain
གངྒཱ	Ganga
གཅི་	urine
གཅིག	one
གཅིག་	one
གཅིག་ཉིད་	oneness
གཅིག་པུ་	sole | single | alone
གཅུ	to twist around
གཅུ་བ་	to twist
གཅུས་པ་	{P} to twist around
གཅེས་པ་	to cherish | to hold dear
གཅོད་	to cut | to cut through | to stop | to end
གཅོད་པ་	to cut | to cut through | to stop | to end
གཉིད་	sleep
གཉིད་ལོག་པ་	to fall asleep | to be asleep
གཉིས	two
གཉིས་	two
གཉིས་ཀ	both
གཉིས་ཀ་	both | two together
གཉིས་པ་	second
གཉིས་པོ	both | the two
གཉིས་མེད་	non-dual | non-duality
གཉིས་མེད་ཀྱི་ཡེ་ཤེས་	non-dual wisdom
གཉིས་འཛིན་	dualistic grasping
གཉིས་འཛིན་	dualistic grasping | grasping at duality
གཉིས་ལྡན་	two-fold era | having two
གཉིས་སུ་འཛིན་པ་	to grasp at duality | to grasp at dualism
གཉེན་	relative | kin
གཉེན་པོ་	remedy | antidote
གཉེར་	to seek
གཉེར་བ་	to seek
གཎྜཱི་	gandi (gong made from wood)
གཏད་	entrustment
གཏད་པ་	{PF} to entrust to | to put in the hands of | to pass on | to give over to
གཏན་	steadfast | firm | stable | definite
གཏན་པ་	door bar | door fastener
གཏན་ལ་ཕེབས་	to be determined
གཏར་བ་	venesection | blood-letting
གཏི་མུག་	delusion
གཏུམ་མོ	tummo | fierce heat
གཏུམ་མོ་	tummo | fierce heat
གཏུམས་	to wrap | to wrap up
གཏེར	treasury
གཏེར་	treasure | treasury | terma
གཏེར་	treasury
གཏེར་ཆེན་ཡོངས་རྫོགས་པའི་རྒྱུད་	Tantra of Fully Complete Great Treasure
གཏོགས་པ་	to be included in | to belong to | to be part
གཏོང་བ	to release | to send off | to pass on | to pass to | to hand over
གཏོད་པ་	to focus
གཏོར་	to scatter | to sprinkle
གཏོར་མ་	Torma
གཏོར་མའི་རྒྱུད་	Torma Tantra
གཏོར་མའི་རྒྱུད་ཆེ་ཆུང་	Big and Small Torma Tantra
གདན་	seat | mat
གདབ་	to plant | to establish
གདབ་པ་	to plant | to establish
གདམས་ངག་	oral instruction | instruction
གདམས་པ་	advice | instruction
གདའ་	to stay | to be present | to be
གདུག	harmful
གདུགས་	parasol | umbrella | canopy
གདུགས་དཀར་པོ་ཅན་	White Umbrella
གདུང་	to be suffering | to be pained | to be distressed | to long for
གདུང་བ་	to be suffering
གདུངས་	to be suffering | being in agony | deep distress
གདུལ་བྱ་	disciple | the one to be tamed
གདོང་	face | in front | ahead of
གདོད་	prime
གདོད་མ	prime
གདོན་	evil spirits | negative influences
གདོལ་བ་	the untouchables
གནང་	{Hon} to bestow | to provide | to grant | to do
གནང་བ་	permission
གནང་བ་ཐོབ་པ་	to obtain permission
གནད་	key point | important point | essential point | marma
གནས	to stay | to remain | to dwell | to abide
གནས་	place | to stay | to remain | to dwell | to abide
གནས་གཙང་མའི་ལྷ་	gods of the pure abodes
གནས་པ	to stay | to remain | to dwell | to abide
གནས་བརྟན་པའི་སྡེ་	the Elder's School
གནས་མ་བུའི་སྡེ་	the group of a noisy class
གནས་རིས་	levels of the abodes
གནོད་	to harm | to hurt
གནོད་པ	to harm | to hurt
གནོན	to press down
གཙང་	clean
གཙུག་	crown
གཙུག་ཏོར་	crown protuberance
གཙུག་ལག་ཁང	temple
གཙུག་ལག་ཁང་ན་གནས་པའི་སྡེ་	the group who dwelled in the great temple
གཙོ་	chief | principal | main | most important
གཙོ་ཆེ་བ	principal | most important
གཙོ་བོ	chief | prancipal | main
གཙོ་འཁོར་	principal deity and retinue
གཞང་	the rectum
གཞན་	other
གཞན་དོན་	others' sake | others' aim
གཞན་པ	other | another
གཞལ་	measure | assess | evaluate
གཞལ་མེད་	immesurable
གཞལ་ཡས་	immesurable
གཞི་	base | basis
གཞི་བསྡུ་བ་	Base Collector
གཞི་མེད་	groundless
གཞི་མེད་རྩ་བྲལ་	groundless and root-free
གཞིག་	to demolish | to break | to release
གཞིལ	to expel | to eliminate
གཞུང་	text | textual tradition | scripture | government
གཞོན་ནུ	youthful
གཞོན་ནུ་གདོང་དྲུག་	Kumarashadmukha
གཞོན་ནུ་གདོང་དྲུག་པའི་རྒྱུད་	Kumarashadmukha Tantra
གཞོམ་	to defeat | to overcome
གཟའ་	heavenly bodies | rahu
གཟི་བརྗིད་	radiating confidence
གཟི་མདངས་	complexion of the skin
གཟིགས	{H} to see | to look | to gaze | to look on | to behold
གཟིགས་	{H} to see | to look
གཟིགས་པ་	observation | consideration
གཟུགས་	form | body
གཟུགས་ཅན་གྱི་རྒྱན་	form having ornament
གཟུགས་ཅན་པ་	having form
གཟུགས་དབྱིབས་	shape-form
གཟུགས་བཟང་	finer form
གཟུགས་སྐུ་	rupakaya
གཟུང་འཛིན་	grasped | grasping
གཟུངས་	dharani
གཟུངས་ཆེན་གྲྭ་ལྔ་	the five great dharani
གཟོ་བ་	to remind
གཡས	right
གཡས་	right (side)
གཡས་པ་	right
གཡས་ཕྱོགས་	left side
གཡུང་དྲུང	svastika
གཡེང་	to become distracted
གཡོ་	fluctuating | moving
གཡོ་བ	fluctuating | moving
གཡོ་བ་	to agitate | to shake | to move
གཡོ་མེད་	undisturbed | unmoving | still
གཡོགས	to cover with | to put a cover on
གཡོན	left
གཡོས་པ་	{P} to agitate | to shake | to move
གལ་ཆེ	important
གལ་ཏེ་	if
གཤའ་མ་	genuine
གཤིན་རྗེའི་གཤེད་	Yamantaka
གཤིན་རྗེའི་གཤེད་དགྲ་ནག་	Black Yamantaka
གཤིན་རྗེའི་གཤེད་དམར་པོ་	Red Yamantaka
གཤིན་རྗེའི་གཤེད་ནག་པོ་ཞལ་གསུམ་པའི་རྒྱུད་	Tantra of Three-Face Black Yamantaka
གཤིབས་པ་	to arrange
གཤིས་	nature
གཤེ་	to criticize | to complain about
གཤེགས་	to come | to go
གཤེགས་པ་	to come | to go
གཤེར་བ	wet liquid
གཤོག་	wing
གཤོག་པ་	wing
གསང་	secret
གསང་	secret | secret place | genitals
གསང་གནས་	secret place | genital area
གསང་བ	secret | secret place | genitals
གསང་བ་	secret | secret place | genitals
གསང་བ་ཡིད་བཞིན་བདེ་བའི་རྒྱུད་	the Secret Wish-Fulfilling Ease Tantra
གསང་བ་རྒྱལ་པོའི་རྒྱུད་	the Secret King Tantra
གསང་བདེ་འཇིགས་	Guhyasamaja, Chakrasamvara, and Vajrabhairava
གསང་བའི་དེ་ཉིད་	the Secret Thusness Tantra
གསང་བའི་སྤྱི་རྒྱུད་	the Secret General Tantra
གསང་ཚིག་	secret words
གསང་འདུས་	the Embodied Secret
གསང་སྔགས་	secret mantra
གསང་སྔགས་རྡོ་རྗེའི་ཐེག་པ་	vehicle of indistructible secret mantra
གསང་སྙིང་	The Secret Nucleus
གསར་མ་	new
གསལ་	to clear
གསལ་ཆ་	factor of clarity
གསལ་བ	clear | lucid | obvious | evident
གསལ་བ་	clear | lucid | obvious | evident
གསལ་བའི་ཆ་	factor of clarity
གསལ་བྱེད་	clarifier
གསལ་ལྡན	Kashi | clear-headed | clear-minded | clear
གསལ་སྣང་	to appear clearly | to come into full appearance
གསུང་	speech
གསུང་གི་རྒྱུད་པདྨ་སྒྱུ་འཕྲུལ་དྲ་བ་	Speech Tantra of Lotus' Net of Illusory Display
གསུང་པ་	to speak | to teach
གསུང་རབ་	excellent speech
གསུངས	{H} to say | to speak
གསུངས་	{H} to say | to speak
གསུངས་པ་	{H} to say | to speak
གསུམ	three
གསུམ་	three
གསུམ་པོ་	three
གསེར་	gold
གསེར་གྱི་ཆར་པ་ལྟ་བུའི་རྒྱུད་	Like Golden Rain Tantra
གསོ་བ	to heal
གསོ་བ་	healing
གསོ་རིག་	knowledge of healing
གསོ་སྦྱོང་	healing and purification
གསོག་པ་	to accumulate
གསོག་པ་ཚོགས་ཀྱི་རྒྱུད་ཆེ་ཆུང་	Big and Small Tantra of Gatherings Having Been Accummulated
གསོད་པ་	to kill
གསོན་	to be alive | living
གསོལ	to request | to ask | to suppliicate
གསོལ་	beseech
གསོལ་བ་འདེབས	to supplicate
གསོལ་འདེབས་	supplication
གུ་རུ་	guru
གུར་	tent | dome
གུས་པ་	respect
གེགས་	obstruction
གེགས་སེལ་	obstructions
གོ་	place | room
གོ་ཆག་	armour
གོ་བ་	comprehension | understanding
གོ་འཕང་	status | rank | achievement level
གོ་རིམ་	order | sequence | succession
གོང་	above | on top
གོང་རོལ་	ago | before
གོམ་པ་	walk | step | pace | stride
གོམས་	to habituate | to familiarize with
གོམས་པ་	to habituate to
གོམས་འདྲིས་	familirisation  habituation to
གོར་གོར་	rounded (the name given to the mass which is in the embryo in a human womb during the fourth week after conception)
གོས་	a covering
གོས་པ་	the covers | the coverings | veil | obscuring factor
གྱ་ནོམ་གྱི་འདོད་ཆགས་	excellent desire
གྱ་ནོམ་པ་	excellence
གྱད་	athlete | champion | Malla (name of a powerful tribe of people in North India at the time of Buddha)
གྱུར་	to change | to become | to transform
གྱུར་པ་	to change | to become | to transform {P}
གྱེན་	upwards | in an upward direction
གྱེན་རྒྱུ	upward-moving
གྱེན་རྒྱུ་	upward-moving
གྱེན་རྒྱུའི་རླུང་	upward-moving loong
གྱེས	to split up | to break up
གྱེས་པ	to separate | to separate into pieces  |to split up | to break up
གྲགས་	known as
གྲགས་པ་	fame | renown
གྲང	cold
གྲངས་	number | count | enumeration
གྲངས་མེད་	incalculable | countless
གྲངས་མེད་པ་	incalculable | countless
གྲིབ་མ་	shade | shadow
གྲུ་གཟིངས་	ship
གྲུ་བཞི་	square
གྲུ་མོ་	elbow
གྲུབ	accomplishments
གྲུབ་	accomplished
གྲུབ་	to be accomplished | to be produced | to come into existence
གྲུབ་ཆེན་	mahasiddha | great accomplished adept
གྲུབ་ཐོབ་	siddha | great practitioner
གྲུབ་པ	to be accomplished | to be produced | to come into existence
གྲེ་བ་	throat | larynx
གྲོགས་	friend
གྲོང་ཁྱེར་	city
གྲོལ	to be freed from | to be released from | to be liberated from
གྲོལ་	liberation
གྲོལ་བ་	to liberate | to free | to release
གླང་ཆེན་	elephant
གླང་པོ་	elephant
གླང་པོ་ཆེ་	elephant
གླང་པོ་ཆེ་རབ་འབོག་གི་རྒྱུད་	Excellently Clothed Elephant Tantra
གླང་པོ་རོལ་པའི་རྒྱུད་	Elephant Display Tantra
གླིང་	island
གློ་བུར་	adventitious
གློ་བུར་གྱི་དྲི་མ་	adventitious stains
གློ་བུར་བ་	adventitious
གློད་	to release | to loosen | to relax
ང་	I | me
ང་ཉིད་	me | myself
ང་རྒྱལ་	pride
ངག་	speech
ངག་སྙན་པ	pleasant speech
ངང་	state
ངན་འགྲོ་	bad migrations
ངན་སོང་	bad migrations
ངན་སོང་སྦྱོང་བ་དཀྱིལ་འཁོར་བཅུ་གཉིས་ཀྱི་རྒྱུད་	Tantra of Twelve Mandalas Purifying the Bad Migrations
ངམ་ཤོད་	Ngamsho
ངར་སྣབས་	snot | mucous | nasal mucous
ངལ་གསོ	rest
ངལ་གསོ་སྐོར་གསུམ་	the Resting Up Trilogy
ངལ་དུབ་	weariness | fatigue
ངུས་པ་	to cry | to weep
ངེད་	I
ངེས་པ་	definite | certain
ངེས་པ་དོན་	definite meaning
ངེས་པ་ལྔ་	five certainties
ངེས་པ་སྙིང་པོའི་རྒྱུད་	Definite Essence Tantra
ངེས་པར་	certainly
ངེས་པར་རྒྱུ་བའི་རླུང་	certainly moving loong
ངེས་འབྱུང་	definite occurrence | renunciation
ངོ་བོ	essence | entity
ངོ་བོ་	essence | entity
ངོ་བོ་ཉིད་	essentiality | identity
ངོ་བོ་ཉིད་སྐུ་	svabhavikakaya
ངོ་ཤེས་	recognize
ངོ་སྤྲོད་པ	to introduce
ངོ་སྤྲོད་པ་	to introduce
ངོས་	outer surface
ཅི་	what
ཅི་ཡང་	whichever
ཅུང་པོ་	younger brother
ཅུང་ཟད་	a little bit | a few of | just a small amount
ཅེས་བྱ་བ་	called | named
ཅོད་པན་	crown | chevron
ཆ་	aspect | part
ཆ་མཚུངས་པ་	matching | analogue | equivalent
ཆ་ལུགས་	dress | style of dress | costume
ཆ་ཤས་	part(s) | pieces | aspect
ཆག་	to be broken | to be interrupted
ཆག་དུམ་	fragment
ཆག་པ་	to be broken | to be interrupted
ཆགས་	desire | attachment | wanting
ཆགས་པ	to happen | to be produced
ཆགས་པ་	to desire | to be attached
ཆགས་པ་	attachment | passion | sex
ཆགས་བྲལ་བ	freedom from desire
ཆགས་ཚུལ་	the way of forming
ཆགས་སྡང་	attachment and hatred
ཆང་	chung | brewed liquor | brewed beer
ཆད་པ་	penalty | nihilation | nihilate | discontinuance
ཆར་སྤྲིན་བཟང་པོ་	excellent rainclouds
ཆས་པ་	to be already on the way | to set forth to | departed for | left for
ཆིག་སྟོང་	one thousand
ཆིངས་	bond | to bind
ཆུ	water | severe flood
ཆུ་	water | severe flood
ཆུ་ཚོད་	hour
ཆུ་ཤིང་	plantain tree | banana tree
ཆུང་	small
ཆུང་ངུ	very smal | the smallest | lesser
ཆེ	greater | bigger | larger
ཆེ་	big | great
ཆེ་ཆུང་	size | bigger and smaller
ཆེ་བ་	greater | bigger
ཆེན་	big | great
ཆེན་པོ	big | great
ཆེན་པོ་	big | great
ཆེས་	very | very much | greatly
ཆེས་པ་	to believe | to increase
ཆོ་ག་	ritual | liturgy | ceremony
ཆོ་ག་སྔགས་ཀྱི་རྒྱུད་	Tantra of Ritual Mantras
ཆོ་འཕྲུལ་	magical emanation
ཆོ་འཕྲུལ་གསུམ་	three magical emanations
ཆོག་	to be enough | to be sufficient
ཆོད་	to be cut off from
ཆོས	Dharma | phenomena
ཆོས་	Dharma | phenomena
ཆོས་ཀྱི་དབྱིངས་	Dharmadhatu
ཆོས་ཀྱི་དབྱིངས་ཀྱི་ཡེ་ཤེས་	wisdom of dharmadhatu
ཆོས་ཀྱི་རྣམ་གྲངས་	enumeration of dharmas
ཆོས་གོས་	Dharma robes
ཆོས་ཉིད་	Dharmata
ཆོས་ཉིད་ཀྱི་ཀློང་	space of Dharmata
ཆོས་ཉིད་ཀྱི་བདེན་པ་	truth of Dharmata
ཆོས་ཉིད་རྒྱལ་པོའི་རྒྱུད་	King of Dharmata Tantra
ཆོས་མ་ཡིན་པ་	non-Dharma
ཆོས་མངོན་པ་མཛོད་	The Treasury of Abhidharma
ཆོས་ཟད་ཆེན་པོ	Great Exhaustion of Phenomena
ཆོས་རྗེ་	Dharma Lord
ཆོས་སྐུ་	dharmakaya
ཆོས་སྐུའི་ངང་	dharmakaya state
ཆོས་སྐྱོང་	Dharma protector(s)
ཆོས་སྤྱོད་	Dharma activity
ཆོས་སྤྱོད་ཐམས་ཅད་ཀྱི་མན་ངག་མངོན་པར་རྟོགས་པའི་རྒྱུད་	the Foremost Instructions on All Dharma Activities the Tantra of Manifest Realization
ཇི་བཞིན་	how | what kind of | in what way
ཇི་ལྟ་	how it is | knowledge of how it is
ཇི་ལྟར་	in that way | like that | how | as | like
ཇི་སྐད་	as it is said
ཇི་སྙེད་	as much as there is | all
ཇི་སྙེད་པ	as much as there is | all
ཇི་སྙེད་པ་	as much as there are | all
ཇི་སྲིད་	for as long as
ཇེ་ཆུང་ལ་བཏང་	make smaller
ཇེ་ཆེ་	bigger
ཇེ་སྦོམ་	thicker
ཇོ་བོ་	Jowo | Jowo Atisha
ཉ་བ་	to be full
ཉག་གཅིག་	single
ཉག་གཅིག་དགོངས་པའི་རྒྱུད་	Single Mind Tantra
ཉག་མ་	a single thread | strand
ཉན་	to listen to
ཉན་ཐོས་	shravaka | hearer
ཉན་ཐོས་ཀྱི་ཐེག་པ་	The Shravaka Vehicle | The Hearer Vehicle
ཉན་ཐོས་པ་	shravaka | hearer
ཉན་པ	to listen to
ཉན་པའི་ཚུལ་	way of listening
ཉམ་ཐག	weak | poor
ཉམས་	temporary experience
ཉམས་པ	to degenerate
ཉམས་རྟོགས་	realization of the experience | practice and realization
ཉམས་ལེན་	practice
ཉམས་སུ་ལོང	{I} practice
ཉི་ཁྲི་	twenty thousand
ཉི་ཁྲི་དག་ལྡན་	Prajnaparamita in Twenty Thousand Verses
ཉི་མ	sun | day
ཉི་ཟླ་	sun and moon
ཉི་ཤུ་	twenty
ཉིང་	self
ཉིན་	day | day-time
ཉིན་མཚན་	day and night
ཉིན་ཞག་	day
ཉུང་ངུ་	a little | a lesser amount
ཉུང་བ	less | fewer
ཉུང་ཟད་	small amount | small number of | very few
ཉེ་བ་	close | near
ཉེ་བར་	close
ཉེ་བར་འཇོག་པ་	close placement
ཉེན་ཁ་	danger
ཉེར་སྦས	Upagupta
ཉེས་པ	fault | humour
ཉེས་པ་	fault | humor
ཉེས་ལས་	bad karma
ཉོན་མོངས་	affliction
ཉོན་མོངས་པ་	afflictive emotions
ཏ་ལ་	palm tree
ཏི་སེ་	Mt. Kailash
ཏིང་ངེ་འཛིན་	concenration
ཏིང་འཛིན་	single-pointed concentration
ཏིལ་	sesamum | sesame seed
ཏུ་	ལ་དོན་ for endings ག་ བ་ and re-suffixed ད་
ཏེ་	Continuative used with ending letter ན་ ར་ ལ་ ས་ and second-suffix ད་
ཐ་དད་	dinstinct
ཐ་དད་པ་	distinct | distinction | transitive
ཐ་ན་	up to here | as far as this | even | at least | so much as
ཐ་བ་	afflictions
ཐ་མ	ending | final | last
ཐ་མལ་	ordinary | common
ཐ་མལ་པ	that which is common | ordinary
ཐག་པ་	annihilated | evaporated | dried up | to grind
ཐང་ལྷ་	Nyechen Thanglha
ཐད་	directly
ཐད་ཀ	directly in front | straight | direct
ཐད་དུ་	directly in front of
ཐབས་	method
ཐབས་མཁས་	skilled in means | skilful
ཐམ་པ་	"even (for numbers) e.g. ཁྲག་འཐུང་དྲུག་ཅུ་ཐམ་པ་ translates to ""sixty herukas"""
ཐམས་ཅད་	every | all
ཐམས་ཅད་གསང་བའི་ཐུགས་	Tantra of Entirely Secret Mind
ཐར་གྱིས་བཤིག	to release
ཐར་པ	emancipation
ཐར་བ་	to be freed | to be emancipated | to be released from
ཐལ་བ་	ashes | dust | to overdo | to get carried away | absurd cosequence
ཐལ་བྱུང་	suddenly occurring
ཐལ་མོ	the palm (of hand)
ཐལ་མོ་	palm (of the hand)
ཐལ་འགྱུར་	consequence
ཐལ་སྦྱར་	place the palms in anjali
ཐིག་ལེ་	essence | vital essence | sphere | drop | semen | seminal drop
ཐིག་ལེ་ཀློང་གི་རྒྱུད་	Essence Expanse Tantra
ཐིག་ལེ་ཆེན་པོ་	The Great Essence
ཐིག་ལེ་འདུས་པ་	Essence Aggregate [Tantra]
ཐིག་ལེ་འདུས་པའི་རྒྱུད་	Gathering of the Essence Tantra
ཐུག་	to contact | to meet with | to touch
ཐུགས་	mind (H)
ཐུགས་ཀྱི་ཆོ་འཕྲུལ་	magical emanation of mind
ཐུགས་ཀྱི་རྒྱུད་རྡོ་རྗེ་སེམས་དཔའ་སྒྱུ་འཕྲུལ་དྲ་བ་	The Mind Tantra Vajrasattva's Web of Illusory Display
ཐུགས་གཉིས་	Two mind | Dualistic mind
ཐུགས་ཉམས་སུ་བཞེས་པ	to practice
ཐུགས་རྗེ་	compassion
ཐུགས་སུ་ཆུད་	to retain in mind
ཐུན་	session | period | dose
ཐུན་མོང་	ordinary
ཐུན་མོང་པ་ཁ་ཅིག་	ordinary person
ཐུན་མོང་མ་ཡིན་པ	extraordinary
ཐུན་མོང་མ་ཡིན་པ་ཁ་ཅིག་	extraordinary person
ཐུབ་པ་	able to | able to stand | able to withstand
ཐུར་	downwards |  in a downward direction
ཐུར་སེལ་གྱི་རླུང་	downward voiding loong
ཐེ་ཚོམ་	doubt
ཐེག་	vehichle
ཐེག་ཆེན་པ་	greater vehicle practitioner
ཐེག་ཆེན་པོ་	Greater Vehicle
ཐེག་དམན་	Lesser Vehicle
ཐེག་དམན་པ་	lesser vehicle practitioner
ཐེག་པ	vehicle
ཐེག་པ་	vehicle
ཐེག་པ་ཆེ་ཆུང་	Greater and Lesser Vehicles
ཐེག་པ་ཆེན་པོ་	Greater Vehicle
ཐེག་པ་ཆེན་པོའི་རྒྱུད་བླ་མའི་བསྟན་བཅོས་	Treatise on the Highest Continuum of the Great Vehicle
ཐེག་པ་དགུ་	nine vehicles
ཐེག་པ་རིམ་པ་དགུ་	nine stages of vehicles
ཐེག་པ་རྒྱུད་	tantra vehicle
ཐོ་རངས་	dawn
ཐོག་	in the beginning | on top of
ཐོག་ཐག་	throughout | all through | for the whole
ཐོག་མ	first | the start | the initial
ཐོག་མ་	first | original
ཐོག་མ་	beginning | original
ཐོགས་	to hold | to carry | to take
ཐོགས་མེད་	unhindered | unimpeded
ཐོད་	turban
ཐོད་པ་	scull | scull-bone | the upper part
ཐོད་ཕྲེང་རྩལ་	Tho Threng Tsal  | Scull Garland Ability
ཐོད་རྒལ་	direct crossing | crossover
ཐོབ་	{P} to get | to attain | to obtain
ཐོབ་པ	to obtain
ཐོབ་པ་	to obtain
ཐོམ་	not paying attention | dull and stupid | no idea what is going on
ཐོམ་མེ་བ་	dullness | stupefied | oblivion
ཐོམ་མེ་བ་	oblivion
ཐོས་	to hear
ཐོས་པ་	to hear
ད་དུང་	still | still more
ད་ནི་	now
ད་རེས་	now | at this time
ད་ལྟ་	now | at present
དཀའ་ཐུབ་	asceticism | austerity
དཀའ་བ་	hardship | austerity
དཀར་པོ་	white
དཀར་པོའི་སེམས་	mind of virtue | white mind
དཀར་ཕྱོགས་	white side | side of the virtue
དཀོན	rare | scarce
དཀོན་མཆོག་	jewel
དཀོན་མཆོག་གསུམ་	Three Jewels | Triple Gem
དཀྱིལ་འཁོར་	mandala
དཀྲུགས་པ་	to stir | to mix | to shake
དཀྲོགས་	{P} to stir up | to churn | to roust | to scared
དག་	clean | pure | to become clean | to be purified | to be cleansed
དག་པ	to be cleansed | to be purified
དག་སྣང་	sacred outlook | pure perception | pure vision
དགག་	to stop | to block
དགང་	{F} To fill up with
དགང་བ	{F} To fill up with
དགའ་	joy
དགའ་ཆེན་ཟ་ནུས་ཀྱི་རྒྱུད་	the Great Joy of the Ability to Eat Tantra
དགའ་བ	joy
དགའ་ལྡན	Tushita | Joyous (heaven)
དགའ་སྟོན་	festivity | festival | celebration
དགུ	nine
དགུང་ལོ་	{H} the age
དགེ་	virtue
དགེ་བ་	virtuous
དགེ་བསྙེན་	layman | layperson
དགེ་འདུན་	Sangha
དགེ་སྦྱོང་	shramana (a person who concers himself with the training in virtue)
དགེ་སྦྱོར་	virtuous practice | spiritual practice
དགེ་སློང་	monk
དགོངས་	{H} mind | intent
དགོངས་དོན་	intended meaning
དགོངས་པ་	intent | mind | understanding
དགོངས་པ་ཀུན་དུ་གྲགས་པའི་རྒྱུད་	The All-renowned Intention Tantra
དགོངས་པ་འདུས་པའི་མདོ་	Sutra of the Contained Understanding
དགོངས་བཞེད་	viewpoint
དགོངས་འགྲེལ་	commentary on the intent
དགོན་པ་	A remote place | a retreat | monastery
དགོས་	need to | must | should
དགོས་པ	to need
དགོས་པ་	the need | to need
དགྱེས་	to be pleased | to be delighted | to be glad
དགྲ་	enemy | foe
དགྲ་བཅོམ་	Arhat | foe destroyer
དགྲ་བཅོམ་པ་	Arhat | foe destroyer
དང་	"Phrase-connecter with uses 1) inclusion (e.g. ""and""), 2) separation (e.g. comma), 3) reason (e.g. ""so that""), 4) time-circumstance (e.g. ""and"") and 5) instruction (i.e. similar to imperative but directed to another person)"
དང་པོ	first
དང་པོ་	first
དང་བ་	lucid | clear
དང་རུས་པ་	and bones
དང༌	and
དངངས་སྐྲག་	fright | panic
དངོས་	actual
དངོས་གཞི་	main part
དངོས་གྲུབ་	actual accomplishment
དངོས་གྲུབ་བུམ་པ་འོད་ཟེར་ཅན་	Radiant Vase of Actual Accomplishment Tantra
དད་	to have confidence
དད་པ	confidence
དད་པ་	confidence
དཔག་ཏུ་མེད་པ་	unfathomable
དཔག་མེད་	unfathomable
དཔག་མེད་པ་	unfathomable
དཔང་	witness
དཔའ་	brave
དཔའ་བཀོང་བ་	to intimidate
དཔའ་བོ་	hero | warrior
དཔའ་འབར་ཁྲོ་མོའི་རྒྱུད་	Tantra of the Brave Blazing of Female Wrathful One
དཔལ་	glory | splendour | excellence
དཔལ་གསང་བ་འདུས་པ་	Glorious Guhyasamaja
དཔལ་གསང་བ་འདུས་པ་ནམ་མཁའ་དང་མཉམ་པའི་རྒྱུད་	Equal to Space Glorious Guhyasamaja Tantra
དཔལ་བེའུ	knot of eternity | glorious knot
དཔལ་མཆོག་དང་པོའི་རྒྱུད་	The Glorious Supreme Origin Tantra
དཔལ་མཆོག་བསྡུས་པ་དེ་ཁོ་ན་ཉིད་ཀྱི་རྒྱུད་	the Gathering of the Supreme Glory Tantra of Absolute Suchness
དཔལ་རང་བྱུང་	self-arisen glory
དཔལ་ལྡན་	glorious
དཔུང་	shoulder
དཔུང་གཉེན་	supporter
དཔུང་པ	shoulder
དཔུང་པ་	shoulder
དཔུང་བ་བཟང་པོ་	the Excellent Shoulder Tantra
དཔུང་མགོ	shoulder joint
དཔུང་མགོ་	shoulder joint
དཔེར་ན་	for example
དཔྱངས་པ་	{P} to hang up | to suspend
དཔྱད་སྒོམ་	analytical cultivation | analytical meditation
དཔྱིད་ཟླ་	spring month
དཔྱོད་པ་	analysis | to analyze
དཔྲལ་པ་	forehead
དཔྲལ་བ	forehead
དབང་	power | empowerment
དབང་ཆེན་	mighty
དབང་ཆེན་	The Mighty One
དབང་ཆེན་འདུས་པ་	Assemblage of Great Power Tantra
དབང་པོ་	faculty | organ | lord
དབང་པོ་ལྔ་	the five faculties
དབང་ཕྱུག་	Ishvara | Shiva
དབང་ཕྱུག་ཆེན་པོའི་	Maheshvara
དབང་ཕྱུག་ཆེན་པོའི་རྒྱུད་	Maheshvara Tantra
དབང་བཞི་	four empowerements
དབང་བསྐུར་བ་	to empower
དབང་བསྐུར་བའི་རྒྱུད་	Empowerment Tantra
དབང་མེད་པ	helpless
དབུ་	head
དབུ་མ	central channel | middle way
དབུ་མ་	Middle Way | central (channel)
དབུ་མ་ལ་འཇུག་པ་	Entering the Middle Way
དབུ་མ་སྣང་བ་	Appearance of the Middle Way
དབུ་སྐྲ་	{H} hair
དབུགས་	the breath
དབུལ་	poor | to be poor
དབུས་	central
དབེན་ས་	an isolated place | a remote place | a solitary place
དབྱངས་	tone | intonation | melody
དབྱིག་གཉེན་	Vasubandhu
དབྱིག་འཛིན་	the earth
དབྱིངས	expanse
དབྱིངས་	expanse
དབྱིངས་འོད་གསལ་	iluminating expanse
དབྱིབས་	shape
དབྱུག་པ	stick | rod
དབྱུང་	{F}to expel | to remove | to breathe out
དབྱེ་	classification | division
དབྱེ་བ	classification | division
དབྱེ་བ་	classification | division
དབྱེན	disagreement
དམ་ཆོས	holy Dharma | true Dharma
དམ་པ་	superior | excellent | holy | eminent
དམ་བཅའ་བ་	proponent
དམ་ཚིག་	pledge | samaya | sacred commitment
དམ་ཚིག་མངོན་པར་འབྱུང་བ་	Tantra of Samaya Appearing
དམ་ཟབ་	superior and profound
དམག་	soldiers | troops
དམངས་རིགས་	commoners caste
དམན	lesser
དམན་པ་	inferior | lesser
དམར་	red
དམར་པོ་	red
དམར་བ	red
དམར་སེར་	red and yellow | orange
དམིགས་པ	to consider | to conceive | to observe | to imagine | to visualize | visualization
དམྱལ་བ	hell
དར་	silk
དར་ཅིག་	a while | a short while | a little while
དར་བ་	to spread | to flourish
དར་ཞིང་རྒྱས་པ་	flourish and spread
དལ་བ་	freedom
དུ་	ལ་དོན་ for endings ང་ ད་ ན་ མ་ ར་ ལ་
དུ་མ་	many
དུག་	poison
དུང	conch | conch shell
དུང་དུང་བ་	pure | deep
དུད་འགྲོ་	animal
དུད་འགྲོར་སྐྱེ	birth as an animal
དུབ་	to be tired out | to be exhausted | to be fatigued
དུབ་པ་	to be tired out | to be exhausted | to be fatigued
དུམ་བུ་	section | block | piece
དུམ་བུ་བཞི་པའི་རྒྱུད་	Fourth Section Tantra
དུར་ཁྲོད་	charnel ground
དུར་ཁྲོད་ཁུ་བྱུག་རོལ་པ་	Play of the Charnel Ground-Cuckoo
དུས	time
དུས་	time
དུས་ཀྱི་འཁོར་ལོ་	Kalachakra Tantra
དུས་གསུམ་	three times
དུས་མཉམ་	same time
དུས་རྒྱ་མཚོའི་རྒྱུད་	Ocean of Time Tantra
དེ	that | they | those | it
དེ་	Continuative used with ending letter ད་
དེ་	that
དེ་ཁོ་ན་ཉིད་	suchness | that exclusively
དེ་ཉིད་	thatness | thusness
དེ་ཉིད་འདུས་པ་	Assemblage of Thatness Tantra
དེ་དག་	those | they | them (as in two)
དེ་དུས་	that time
དེ་ནས་	then
དེ་ཕྱིར་	because of that
དེ་བཞིན	similarly | like so | so | likewise
དེ་བཞིན་ཉིད་	thusness
དེ་བཞིན་ཉིད་ཀྱི་ཏིང་ངེ་འཛིན་	concentration of thusness | meditation on thusness
དེ་བས་ན་	therefore | and that being so | that being so | so
དེ་ཙམ་	to that extent | as much as that | just that much | merely
དེ་ཡང	furthermore | moreover | in addition
དེ་ལས་	from that
དེ་ལྟ་བས་ན་	therefore | thus | that being so then
དེ་ལྟར་	in that way | like that
དེ་སྲིད་	for that long | for that length of time | up until then
དེང	to begone | to have sent away
དེངས་	to dissipate into
དེའི་ཕྱིར་	because of that
དེས་ན་	thus
དོ་	a pair | a couple | two (things taken together)
དོ་ཟླ་	a match for | a comparison for
དོ་ཧ་	the spontaneous spiritual song | doha | song of realization
དོགས་	to be suspicious | to be concerned
དོད	to project | to be prominent
དོན་	aim | purpose | for the sake of | in order to | meaning
དོན་དམ་	superfactual
དོན་དམ་པ	superfactual
དོན་དམ་པ་	superfactual
དོན་དམ་ཡེ་ཤེས་ཀྱི་རླུང་	loong of superfactual wisdom
དོན་བདེན་པ་	true meaning
དོན་མེད་	meaningless
དོན་ཡོད་གྲུབ་པ་	meaningful accomplishment
དོན་ཡོད་ཞགས་པ་	Amoghasiddhi
དྭངས་	to clear
དྭངས་མ་	pure part | pure portion
དྭངས་སྙིགས་	pure and impure
དྲ་བ་	net | web
དྲག་པོ	severe | forcefull
དྲག་པོ་	forceful
དྲག་པོ་	destroying | forcing
དྲག་ཤུལ་	fierce(ness)
དྲགས་	excess
དྲང་བ	straight
དྲང་སྲོང་	Rishi | sage
དྲངས་	to pull
དྲངས་པ་	{P} to guide | to lead | to pull | to fetch | to bring | to offer
དྲན་	to remember | to recall | to miss | to think of
དྲན་པ	memory | mindfulness
དྲན་པ་	mindfulness | to remember | to recall | to miss | memory
དྲན་མེད་	unmindful
དྲན་ཤེས་	mindfulness and alterness
དྲས་པ	{P} to cut up | to cut out
དྲི་	smell
དྲི་ཆེན་	feces
དྲི་མ་	stain | smell | excrement
དྲི་མ་མེད་པ་	stainless
དྲི་མེད་	without stain | stainless
དྲི་ཟ་	ghandharva | smell-eater
དྲིན་ལན་	repayment of kindness | gratitude
དྲིལ་	to condense | to concentrate into
དྲིལ་བསྒྲགས་པ་	to sound a bell | to ring a bell | to advertise the fact | to publicize | to trumpet
དྲུག	six
དྲུག་ཅུ	sixty
དྲུག་པ	sixth
དྲུང་	in the presence | before | at | near
དྲུབ་	to sew up (into)
དྲོ་བ་	warm
དྲོད་	warmth
དྲོད་ཚད་	temperature
ན་	Phrase-connecting uses include a) ལ་དོན་, b) when (this then that), c) if this, (then), d) as preposition
ན་བ་	to become ill | to become sick | to be in pain
ན་བཟའ་	{H} clothes | garments
ན་ཚ་	illness | sickness | disease
ན་རེ	said | spoke
ནགས	forest | jungle
ནང་	inside | inner | interior | in | within | among
ནང་ཁོངས་	inside
ནང་ཁྲོལ་	internal organs | entrails
ནང་གསེས་	sub-division | sub-category
ནང་དོན་	inner meaning
ནང་པ་	insider | a buddhist
ནང་པ་ཐབས་ཀྱི་རྒྱུད་|རྣལ་འབྱོར་ནང་པ་ཐབས་ཀྱི་རྒྱུད་ཀྱི་ཐེག་པ་	The Inner Yoga Vehicle the Tantra of Method
ནང་བྱན་	servant
ནང་ཚན་	section | division | sub-section | sub-division
ནང་ལྷ	house gods
ནད་	disease
ནད་གཞི	cause of the disease| cause of the illness
ནད་པ་	a sick person | a patient
ནད་མེད་	no disease | without disease
ནན་	careful | persistent | insistent
ནམ་ཕྱེད་	midnight | late night
ནམ་མཁའ་	sky | space
ནམ་མཁའ་ཆེ་གཞིའི་རྒྱུད་	The Greater Space Ground Tantra
ནམ་མཁའ་ཆེ་དབང་གི་རྒྱུད་	The Greater Space Empowerement Tantra
ནམ་མཁའ་ཆེ་ཕྱི་མའི་རྒྱུད་	The Greater Space Subsequent Tantra
ནམ་མཁའ་ཆེ་ཕྱི་མའི་རྒྱུད་ཡོངས་སུ་སྒྲོལ་བ་	The Greater Space Subsequent Tantra of Total Liberation
ནམ་མཁའ་ཆེ་ཡི་གེ་མེད་པའི་རྒྱུད་	The Greater Space Tantra Without Letters
ནམ་མཁའ་ཆེ་རྒྱལ་པོའི་རྒྱུད་	The Greater Space King Tantra
ནམ་མཁའ་ཆེ་རྩ་བ་ཅན་གྱི་རྒྱུད་	The Greater Space Having Root Tantra
ནམ་མཁའ་ཆེ་རྩ་བའི་རྒྱུད་	The Greater Space Root Tantra
ནམ་མཁའ་དང་མཉམ་པ་	extensive as space | equal to space
ནམ་མཁའ་དང་མཉམ་པའི་རྒྱུད་	Tantra Extensive as Space
ནམ་མཁའ་མཉམ་པའི་སེམས་ཅན་	sentient beings equal to space
ནམ་མཁའ་མཐའ་དབུས་ཀྱི་རྒྱུད་	the Center of the Infinite Space Tantra
ནམ་མཁའ་མཛོད་ཀྱི་རྒྱུད་	The Space Treasury Tantra
ནམ་མཁའི་དབྱིངས་	the expanse of the sky | the expanse of the space
ནམ་ཡང་	always
ནས་	barley | due to | after | when | from
ནུབ་	west | night-time | night | evening
ནུབ་ཀྱི་རི་བོའི་སྡེ་	the group dwelling on the western mountains
ནུས	power | opportunity | capacity | capability | potency | energy
ནུས་	power | opportunity | capacity | capability | potency | energy
ནུས་མཐུ་	might
ནོངས་པ་	to make a mistake
ནོར	jewel | gem | mistake
ནོར་བུ་	jewel | gem
པགས་པ་	skin
པད་	Padma | lotus flower
པདྨ	lotus
པདྨ་	lotus
པདྨ་གསུང་གི་རྒྱུད་རྟ་མཆོག་རོལ་པའི་རྒྱུད་	Lotus Speech Tantra of Supreme Steed Display
པདྨ་བརྩེགས་པའི་རྒྱུད་	Lotus Mound Tantra
པདྨ་རྩེ་མོ་	Peak of the Lotus [Tantra]
པདྨཱ་ཀ་ར་	Padmakara
པདྨཱ་ཀ་ར་དཔལ་མཆོག་དང་པོའི་རྒྱུད་	Padmakara Glorious Supreme Primal Tantra
པཱ་ཤཱ་ཀ་ར་རྡོ་རྗེ་རྩེ་མོའི་རྒྱུད་	Tantra of Pashakara Vajra Peak
པུཎྜ་རཱི་ཀ་འི་རྒྱུད་	Pundarika Tantra
པུར་	{H} dead body | corpse
པུས་	knee
པུས་མགོ་	top of the knees
པུས་མོ	knee
པུས་མོ་	knee
ཕ་	father
ཕ་བོང་	boulder
ཕ་མ	father and mother
ཕ་རོལ་	the other side | the far side | the life beyond
ཕ་རྒན་	old man
ཕག་མོ	varahi
ཕག་མོ་	varahi
ཕག་མོ་མངོན་འབྱུང་གི་རྒྱུད་	Vajravarahi Manifestation Tantra
ཕན	to bring benefit | to be of help
ཕན་	benefit | help | to bring benefit | to be of help
ཕན་གདགས་	to benefit {F}
ཕན་པ་	benefit | help | to bring benefit | to be of help
ཕན་བདེ	benefit and ease
ཕན་བདེ་	benefit and ease
ཕན་ཚུན་	mutual | reciprocal
ཕན་ཡོན་	benefits
ཕབ་	to bring down
ཕབ་པ	to bring down
ཕམ་	to be in a stated of defeated | defeat | defeated
ཕར་	away | thither
ཕར་ཕྱིན་	paramita
ཕལ་ཆེར་	mainly | pretty much | for the most part | most likely | most probably
ཕིགས	to be penetrated | to be comprehended with the mind | to open up
ཕུ་	to blow
ཕུག་	cave
ཕུང་པོ་	aggregate | mass
ཕུད་	select portion
ཕུན་སུམ་ཚོགས་པ་	perfectly complete | excellent | perfect
ཕུབ་པ་	{P} to put up | to enclose | to erect
ཕུར་པ་	kilaya
ཕུར་པ་ཐལ་བྱེད་	Kilaya Creator of Ashes {Tantra}
ཕུར་པ་འཕྲིན་ལས་ཀྱི་རྒྱུད་བི་ཏོ་ཏ་མ་ལ་འབུམ་སྡེ་	Vajrakilaya Activity Tantra 100000 Bitotamalas
ཕུལ	{P} to offer | to add to
ཕུལ་བ་	{P}{H} to offer
ཕེབས་	{H} to go | to come | to arrive
ཕེབས་པ	{H} to go | to come | to arrive
ཕོ་བ	stomach
ཕོ་བྲང་	palace
ཕོ་མོ	male and female
ཕོ་མོ	men and women
ཕོ་སྐོར་	nauli
ཕོག་པ་	{P} to give
ཕྱག་	hand | arm
ཕྱག་ན་རྡོ་རྗེ་དབང་གི་རྒྱུད་	Tantra of Vajrapani's Empowerment
ཕྱག་ན་རྡོ་རྗེ་དབང་བསྐུར་བའི་རྒྱུད་	Tantra of Vajrapani's Empowerment
ཕྱག་བཞེས་	practical instruction
ཕྱག་འཚལ་	prostrate | pay homage | bow
ཕྱག་རྒྱ	mudra
ཕྱག་རྒྱ་	mudra
ཕྱི	later | late | outer
ཕྱི་	outer | later one | latter
ཕྱི་ནང་	out and inner
ཕྱི་པ་	outsider
ཕྱི་མ་	later one
ཕྱི་རོལ་	outside
ཕྱིན་ཆད་	henceforth | thereafter | thenceforth | thereafter
ཕྱིན་པ་	{P} to go
ཕྱིའི་ཡུལ་	outer object
ཕྱིར	because | out | outside
ཕྱིར་	outside | therefore | because
ཕྱིས་པ་	{P} to wipe | to polish | to rub away | to be cleaned off | removed | erased
ཕྱེ་	{P} to differentiate | to divide | to separate out | to classify
ཕྱེ་མ་	powder | dust | filings | sand | flour
ཕྱེད	to distinguish | to open
ཕྱེས་	to open | to divide | to differentiate
ཕྱོགས་	direction | side
ཕྱོགས་ཀྱི་གླང་པོ་	Dignaga
ཕྱོགས་ཀྱི་གླང་པོས་འཇམ་དཔལ་ལ་བསྟོད་པ་	Praise of Manjushri by Dignaga
ཕྱོགས་བཅུ་	ten directions
ཕྲ་	subtle | fine | tiny
ཕྲ་མོ	subtle | fine | tiny
ཕྲ་མོ་	subtle | tiny
ཕྲ་རགས་	subtle and coarse
ཕྲག་	shoulder joint | also in སྟོང་ཕྲག་གཅིག་
ཕྲག་པ	shoulder (top of the arms and the part across the shoulders)
ཕྲག་པ་	shoulder (top of the arm and the part across the shoulder)
ཕྲན་	small | tiny | fine | subtle
ཕྲིན་ལས་	enlightened activity | buddha activity
ཕྲུ་མ་	umbilical cord
ཕྲེང་བ་	to be fixated on | row | line | garland | necklace
བ་ལང་	cow/bull | ox/cattle | oxen
བཀག	block | repudiate | stop
བཀག་	block | repudiate | stop
བཀག་པ	block | repudiate | stop
བཀག་པ་	block | repudiate | stop
བཀབ	to cover
བཀབ་	to cover
བཀའ་	precept | word | instruction
བཀའ་གསུམ་གྱི་དོན་འགྲེལ་བ་	Commentary on the Meaning of the Three Precepts
བཀའ་རྒྱ་	command seal
བཀའི་བསྡུས་ཚུལ་	the way of collecting the teachings
བཀས་པ་	{P} to split apart
བཀུར་བ་	to revere | to adhere | to venerate
བཀོང་བ་	to cause loss of heart | to bring on fear and timidity in another person
བཀོད་པ	to arrange | to lay out | to set out
བཀོད་པ་	arrangement | placement | display
བཀོད་པ་ཆེན་པོ་ཡིད་བཞིན་མཆོག་གི་རྒྱུད་	the Great Arrangement of the Excellent Wish-Fulfilling Tantra
བཀྲེས་པ་དང་སྐོམ་པ་	hunger and thirst
བཀྲེས་པ་དང་སྐོམ་པ་	to be hungry and thirsty
བཀྲེས་སྐོམ་	hunger and thirst
བཀྲོལ་བ་	to release | to set loose | to untie | to liberate
བག་ཆགས་	latency | propensity
བག་མེད་	headlessness | carelessness
བག་ཡངས་	a spacious state of mind | carefree | relaxed
བགེགས་	obstructor
བགྱིས་	to do | to make | to act
བགྲད་	to open up
བཅག	to break | to go against | to break a promise | to disobey
བཅགས	{P} to tread on to step on | to walk
བཅད	{P} to cut | to sever | to interrupt | to stop
བཅའ	to set | to position
བཅའ་	to set | to position
བཅའ་བ་	to set | to position
བཅས་	having | associated with | together with
བཅས་པ་	having | associated with | together with
བཅིངས	{P} to bind | to tie
བཅིངས་པ	{P} to bind | to fetter
བཅིངས་བ་	to bind | to fetter
བཅུ	ten
བཅུ་དགུ་	nineteen
བཅུ་དྲུག	sixteen
བཅུ་དྲུག་	sixteen
བཅུ་བཞི་	fourteen
བཅུག་	{P} to insert | to put into | to place into
བཅུད་	essense | nutrient
བཅུད་ལེན་	essense extraction
བཅོ་བརྒྱད་	eighteen
བཅོ་ལྔ་	fifteen
བཅོམ་	{P} to defeat | to overcome | to subdue
བཅོམ་པ་	{P} to defeat | to overcome | to subdue
བཅོམ་ལྡན་འདས་	Bhagavan | Buddha
བཅོས་ཐབས་	method of curing
བཅོས་པ་	to cure
བཅོས་མ་	fabricated | artificial
བཏགས	{P} to name | to designate | to label
བཏགས་	annihilated | overcame
བཏགས་པ་	named
བཏགས་པར་སྨྲ་བའི་སྡེ་	the group advocating examination
བཏང་བཟུང་	Mucalinda
བཏང་སྙོམས་	neutral | equanimity | impartiality
བཏབ	to hit | to plant | to establish | to sow | to found
བཏབ་པ	to hit | to plant
བཏབ་པ་	planted | founded | established
བཏིང་	{P} to lay out | to spread out
བཏུད་པ་	to bow down | to bend over | a bow | a bend
བཏུལ	{P} to tame | to subdue
བཏུས་	{P} to pick | to gather | to collect
བཏེག་	{P} to hold up | to raise aloft | to elevate to
བད་ཀན་	badken
བདག་	self | I | me
བདག་གཞན་	self and other
བདག་ཅག་	we | us
བདག་ཉིད་	identity | essence | entity | nature
བདག་དང་གཞན་	self and other
བདག་དམ་ཚིག་པ་	the symbolic being
བདག་བསྐྱེད་	self generation
བདག་མེད་	No-self | selflessness | lack of self
བདུག་སྤོས་	incense
བདུད་	obstacles | hinderances | demons | devils | demonic forces
བདུད་ཀྱི་རྒྱལ་པོ་དགའ་རབ་དབང་ཕྱུག་	Demonic King Garab Wangchuk
བདུད་རྩི་	nectar | amrita
བདུན	seven
བདེ་	ease
བདེ་གཤེགས་	Sugata | Buddha
བདེ་ཆེན་	great ease | great bliss
བདེ་ཆེན་སྒེག་པ་མཱ་མ་ཀཱིའི་རྒྱུད་	the Great Ease of Charming Mamaki Tantra
བདེ་བ	ease | bliss
བདེ་བ་	ease
བདེ་བ་རབ་འབྱམས་	The All-Encompassing Ease Tantra
བདེ་བའི་མྱུ་གུ་	Ease Sprout Tantra
བདེ་བར་གཤེགས་པ་	sugata | buddha
བདེ་མཆོག་འཁོར་ལོའི་རྒྱུད་	The Tantra of the Supreme Wheel of Ease (Bliss)
བདེ་མཆོག་ར་ལིའི་རྒྱུད་	The Tantra of the Supreme Wheel of Ease (Bliss)
བདེ་སྐྱོང་གི་འཁོར་ལོ	preservation of bliss chakra
བདེ་སྟོང་	bliss-emptiness
བདེན་	truth
བདེན་གཉིས་	the two truths
བདེན་གཉིས་འབྱེད་པ་	Differentiating the Two Truths
བདེན་པ་	truth
བབས	to go down | to descend | to come from | to land | to arrive
བམ་པོ་དགུ་	nine bundles
བཙན་ཐབས་	forcefully
བཙས	{P} to be born
བཙུགས་པ་	{P} to establish | to set in place | to found | to form
བཙུན་མོ་	consort
བཙོན་འགྲུས་	forbearance
བཞག	to put | to place
བཞི	four
བཞི་	four
བཞི་བརྒྱ་པ་	Four Hundred Verses
བཞིན་	similar to | like | as | such
བཞུགས	stay | dwell | sit
བཞུགས་	stay | dwell | sit
བཞུགས་པ	to dwell | to stay| to sit | to reside | to remain
བཞུགས་པ་	to dwell | to stay| to sit | to reside | to remain
བཞུད་	{H} to go |  to come
བཞེངས་	{H} to get up | to stand up
བཞེད་	{H} to want | to wish for | to accept
བཞེས་པ་	{H} to drink | to eat | to take up | to accept | to hold to
བཟང་པོ་	good | excellent | fine
བཟང་པོ་	excellence | goodness
བཟང་སྐྱོང་	Bhadrapala | Bhallika
བཟའ་བཏུང་	foods and drink
བཟུང་	to hold
བཟོ་བོ་སྤྲུལ་སྐུ་	artisan nirmanakaya
བཟོད	to bear | to tolerate | to endure
བཟོད་པ་	patience | forbearance | tolerance
བཟླ	to recite
བཟླས་	to recite | to repeat
བཟླས་བརྗོད་	verbal recitation
བཟློག་	to reverse
བར	middle
བར་	middle
བར་ཆད་	obstacle |  interference | obstraction| interruption
བར་ཆད་བསྲུང་བ་གཟི་ལྡན་འབར་བ་མཚམས་ཀྱི་རྒྱུད་	Tantra Majestic Blazing Retreat Protecting From the Obstacles
བར་དོ་	intermediate state
བར་སྣང་	an open, unobstracted space | space
བརྐྱང་	to stretch out
བརྐྱང་བ	to stretch out
བརྐྱང་བསྐུམ་	to stretch out and draw in
བརྐྱངས	to stretch out
བརྐྱངས་	to stretch out
བརྒལ་བ་	get free of | go past | go beyond
བརྒྱ	hundred
བརྒྱ་	hundred
བརྒྱད	eight
བརྒྱད་	eight
བརྒྱད་པ	eighth
བརྒྱད་པ་	eight
བརྒྱད་སྟོང་དོན་བསྡུས་	Summary of the Meaning of Prajnaparamita in Eight Thousand Verses
བརྒྱད་སྟོང་འགྲེལ་ཆེན་	Eight Thousand Great Commentaries
བརྒྱན་པ་	to adorn | to ornament
བརྒྱན་པ་བཀོད་པ་ཆེན་པོ་	Great Arrangement Ornament {Tantra}
བརྒྱལ་	unconsciousness
བརྒྱལ་ནད་	epilepsy
བརྒྱལ་བ་	a faint |  unconsciousness
བརྒྱལ་བ་	to fait | to fall senseless | to fall unconscious
བརྒྱུད་	lineage | line | transmission
བརྒྱུད་པ་འཛིན་པ་	lineage holder
བརྒྱུད་པའི་བླ་མ་	lieage master
བརྗེད་	to forget
བརྗེད་པ་	to forget
བརྗོད	to express | to say | to speak
བརྗོད་	to express | to say | to speak
བརྗོད་པ་	to express | to say | to speak
བརྗོད་པར་བྱ་བ་	expressible
བརྙེས་	to get | to receive
བརྙེས་པ་	to get | to receive
བརྟགས་པ	{P} to understand | to comprehend | to conceive of | to examine
བརྟན་པ	stable | steady | firm
བརྟན་པ་	steady | stable | firm | to rely on
བརྟས	"""to grow or increase in amount or size"""
བརྟས་པ་	grew | increased
བརྟེན་	{PF} to rely on | to depend on
བརྟེན་པ	{PF} to rely on | to depend on
བརྡུང་	{F} to hit | to strike
བརྡུངས་	{P} to hit to strike
བརྡེག	to hit | to strike
བརྡེག་	{F} to hit | to strike
བརྩམས་	to begin | to start | to compose | to be together
བརྩིས་	to count | to calculate | to considered
བརྩིས་པ	to count | to calculate | to considered
བརྩེ་བ	love | affection
བརྩེགས་པ	to stack | to pile
བརྩོན	to be diligent
བརྩོན་པ	to be diligent
བརྩོན་པ་	to be diligent
བརྩོན་འགྲུས་	perseverance
བརྩོན་འགྲུས་ཕུན་སུམ་ཚོགས་པ་	perfect perseverance
བརླ	the thigh
བརླ་	a thigh
བརླན་	moist
བརླབས་	{P} was affected | was touched
བརླབས་པ་	{P} was affected | was touched
བལྟ་	to look
བལྟམས་	to be born | to bear
བལྟམས་པ་	to be born | to bear
བལྟས་པ་	{P} to look
བཤང་	feces
བཤང་གཅི་	feces and urine
བཤད་	to explain | to tell
བཤད་པ	to explain | to tell
བཤད་པ་	explanation | to explain | to tell
བཤད་བྱ་གཞུང་གི་དོན་དངོས་	the actual text to be explained
བཤད་རྒྱུད་	explanatory tantra
བཤད་རྒྱུད་ཆོ་ག་འདུས་པ་	the Explanatory Tantra of Collection of Rituals
བཤད་རྒྱུད་པདྨ་ཅོད་པན་	Lotus Crown Explanatory Tantra
བཤད་རྒྱུད་མི་འཁྲུགས་པའི་གཟུངས་	The Explanatory Tantra Dharani of Akshobhyah
བཤམས་	to set up
བཤམས་པ་	to set up
བཤིག	to destroy | to release
བཤིབས་	to arrange evenly
བཤེས་	a friend
བཤེས་གཉེན་	spiritual friend
བཤེས་སྤྲིང་	Friendly Letter
བསགས་	to accumulate
བསགས་པ	to accumulate
བསད་པ་	{P} to kill
བསབ་	{F} to fill in | to make up | to supply extra
བསམ་	to mind | to think about | to give thought to
བསམ་གཏན་	meditation
བསམ་གཏན་ཁང་	meditation house
བསམ་གཏན་ངལ་གསོ་	Resting Through Meditation
བསམ་གཏན་ཆེན་པོའི་རྒྱུད་	The Great Meditation Tantra
བསམ་གཏན་ཕྱི་མའི་རྒྱུད་	Later Meditation Tantra
བསམ་གཏན་བཞི་པོ་	Four Meditations
བསམ་གཏན་རྒྱུན་ཆགས་ཀྱི་རྒྱུད་	Tantra of Continuous Meditation
བསམ་དོན་	wish | hope
བསམ་པ་	{F} to mind | to think
བསམ་བློ་	thinking
བསམ་ཡས་	inconceivable
བསམས་པ་	{P} to mind | to think about | to give thought to
བསལ་བྱ་	clearing away | eliminating | dividing
བསིངས་པ་	{P} to strain | to clarify
བསེ་རུ་	rhinoceros | solitary realizer
བསེར་བུ	{H} wind | gentle breeze
བསོད་ནམས་	merit  | meritous karma
བསྐ་བ	astringent
བསྐམས་	{P} to dry | to dry out | to whither
བསྐལ་	kalpa
བསྐལ་པ་	eon
བསྐུམ	to draw back in | to pull inwards | to retract
བསྐུམ་	draw in
བསྐུར་	{PF} to confer | to bestow | to grant | to hand over to | to entrust | to send
བསྐུལ་བ	{P} to urge | to exhort | to goad | to encourage | to incite
བསྐུལ་བ་	{P} to urge | to exhort | to goad | to encourage | to incite
བསྐོར	to circle around | to turn
བསྐོས་	{P} to appoint
བསྐྱར	to repeat
བསྐྱར་	to repeat
བསྐྱལ་	{P}{F} to transport | to convey | to carry | to deliver | to take to
བསྐྱེད	to form | to arouse | to produce | to give birth to | to generate
བསྐྱེད་	to generate | to arouse | to produce | to give birth to | to form
བསྐྱེད་	to arouse | to produce | to give birth to | to create
བསྐྱེད་པ	to form | to arouse | to produce | to give birth to | to generate
བསྐྱེད་རིམ་	generation stage
བསྐྱོད་	to move | to agitate
བསྐྱོད་པ་	to move (something) | to shake
བསྐྲུན་པ་	{P} to produce | to make | to build
བསྒོ་བ	{f} to give an order | to give an instruction | to infect
བསྒོམ	to cultivate | to meditate
བསྒོམས	cultivated (past tense of cultivate) | meditated
བསྒོམས་པ	cultivated (past tense of cultivate) | meditated
བསྒྱུར་བ	to change | to transform
བསྒྲགས་པ	{P} to broadcast | to cause to be well-known | to proclaim | to publish | to shout | to sew on to | to sew up
བསྒྲིམ་	{F} to focus | to concentrate | to twist
བསྒྲུབ་	{F} to accomplish | to produce | to get
བསྒྲུབ་བྱ་	that to be accomplished | that which will be accomplished
བསྒྲུབས་	{P} to accomplish
བསྒྲུབས་པ	{P} to accomplish
བསྒྲེང་བ	{F} to raise up | to lift up
བསྒྲེངས་	{P} to raise up | to lift up
བསྔགས་པ་	to praise | to commend | to recomment | praise
བསྔོ་སྨོན་	dedication and aspiration
བསྟན་	to show | to teach | to explain
བསྟན་པ	to show | to teach | to explain
བསྟན་པ་	a teaching
བསྟན་པ་	the teaching | teaching | doctrine | presentation
བསྟན་བཅོས་	treatise
བསྟན་བཅོས་ཀྱི་མཛད་ཚུལ་	the way of composing the treatise
བསྟུན	{PF} to comply with | to act in accordance with
བསྟོད་	praise
བསྟོད་པ	to praise
བསྟོད་པ་	praise | to praise
བསྟོད་པ་གླུར་བླངས་ཀྱི་རྒྱུད་	Arya Manjushri Nama Samgiti Tantra
བསྡད་	{P} to stay | to sit
བསྡམས་	{P} to fasten
བསྡུ་བ	to draw together | to condense
བསྡུས་	to contain
བསྡུས་པ་	brief | summarized
བསྡེབས་པ	{P} to put together | to combine | to compound (medicine
བསྡོམས་པ	{P} to add | to sum
བསྣན་པ	to add to
བསྣམས་	{P}{H} to hold | to take | to smell
བསྣུན་	{P} to push | to hit with | to kick | to jab | to stick into
བསྣོལ་	one placed over the other | to cross
བསྣོལ་བ	{PF} to cross
བསྲུང་	to protect
བསྲུང་བ	to protect
བསྲུང་བ་	to protect
བསྲུང་བ་པའི་སྡེ་	the group of protectors
བསྲེགས་	{P} to burn
བསྲེགས་པ་	{P} to burn
བསླངས་	to rise up
བསླངས་པ་	{P} to arise | to rise up | to set up | to beg | to ask for | to request
བསླབ་པ་	main training
བསླབ་བྱ	advice
བསླབ་བྱ་	advice
བསླུ་བ་	deception | cheating
བི་ཏོ་ཏ་མ་ལ་	bitotamala
བུ་	boy | man | male | son
བུ་ག་	hole | orifice
བུ་མོ་	a girl
བུ་ཚ་	children
བུ་ལྟ་བུའི་གོ་ཆ་	Son like Armour
བུད་མེད་	woman
བུད་ཤིང་	firewood
བུམ་པ་	vase | pot
བུས་	to expel | to remove | to put out
བཻདུརྱ་	beryl | lazurite | lapis lazurite
བོད་སྐད་	Tibetan language
བོར་	{P} to throw away | to discard | to put aside
བྱ་	bird
བྱ་ན	vegetables
བྱ་བ	to do
བྱ་བ་	action | work | activity | deed
བྱ་བ་གྲུབ་པའི་ཡེ་ཤེས་	activity-accomplishing wisdom | all-accomplishing wisdom
བྱ་བའི་རྒྱུད	Action Tantra
བྱ་རྒོད་	vulture
བྱ་རྒྱུད་ཀྱི་ཐེག་པ་	Action Tantra Vehicle
བྱང་	north
བྱང་ཁོག་	ventral cavity
བྱང་ཆུབ	enlightenment
བྱང་ཆུབ་	enlightenment
བྱང་ཆུབ་ཀྱི་སེམས་	enlightment mind
བྱང་ཆུབ་ཀྱི་སེམས་ཀུན་བྱེད་རྒྱལ་པོའི་རྒྱུད་	Bodhichitta the All-creating King Tantra | Enlightened Mind the All-creating King Tantra
བྱང་ཆུབ་པ	to become enlightened
བྱང་ཆུབ་མཆོག་ཏུ་སེམས་བསྐྱེད་	arise the mind set on supreme enlightenment
བྱང་ཆུབ་ལམ་གྱི་སྒྲོན་མ་	the Lamp of Path to Enlightenment
བྱང་ཆུབ་སེམས་ཀྱི་ཐིག་ལེའི་རྒྱུད་	Tantra of the Essense of Enlightment Mind
བྱང་ཆུབ་སེམས་དཔའི་ཐེག་པ་	Bodhisattva Vehicle
བྱང་ཆུབ་སྤྱོད་པ་ལ་འཇུག་པ་	Entering the Bodhisatva's Conduct
བྱང་སེམས་	bodhisatva | bodhicitta
བྱམས་པ་	loving kindness | Maitreya
བྱམས་མགོན་	Guardian Maitreya
བྱས་	{P} to do
བྱས་པ	"""what someone did"", handiwork, creation, products"
བྱི་བ་	mouse | rat
བྱིང་བ་	sinking
བྱིན	to donate | to give
བྱིན་གྱིས་བརླབ་པ་	blessing
བྱིན་གྱིས་བརླབ་པའི་རྒྱུད་ངན་སོང་སྦྱོང་བ་	The Blessing Tantra Purifying the Bad Migrations
བྱིན་བརླབས་	blessing
བྱིན་རླབས་	blessing
བྱུག་པ་	salve | lotion
བྱུང་	to happen | to occur
བྱུང་བ	to happen | to occur
བྱེ་བ་	ten million
བྱེ་བ་ཕྲག་བརྒྱ་	billion
བྱེ་བྲག་	particular | detail | specific
བྱེ་བྲག་གི་སྒྲུབ་པ་ཟླ་གསང་ནག་པོའི་རྒྱུད་	Secret Black Moon Tantra of Particular Accomplishment
བྱེ་བྲག་ཏུ་བཤད་པ་	detailed explanation
བྱེ་བྲག་བཤད་མཛོད་ཆེན་མོ་	Great Treasury of Explanations of Particulars
བྱེ་མ་	powder | sand
བྱེད་	to do | to act | to make
བྱེད་པ	to do | to act | to make
བྱེད་ལས་	function | use
བྱེར་བ	to spread
བྱོན	{P} to come | to arrive
བྱོན་	to come | to arrive
བྱོན་པ་	to arrive
བྱོལ་སོང་	animal/s
བྱོས	{Imp} to do
བྲག་ཕུག་	rock-cavern | rock-cave | cave
བྲང་	chest
བྲང་གཞུང་	chest
བྲམ་ཟེ་	brahmin
བྲལ	free from | freedom from | separated from
བྲལ་	separated from | free from
བྲལ་བ	free from | separated from
བྲིས་མ་	manuscript | writing
བྲེ་བོ་	drona
བླ་ན་མེད་པ་	unsurpassed | highest
བླ་མ	guru
བླ་མ་	guru
བླང་	taking | adopting (?)
བླང་དོར་	acceptance and rejection
བླང་བ་	{F} to take | to adopt
བླངས	{P} to take | to grab hold of
བླན་ཏེ་འཇོག་པ་	re-placement | repeatedly placing
བླུན་པོ་	foolish | stupid
བློ་	rational mind
བློ་གྲོས་	intelligence
བློ་ལྡན་	intelligent
བློ་ལྡོག་རྣམ་བཞི་	the Four Mind Reversers
བློ་སྦྱོང་	mind training
བློས་བྱས་	rational constructs
བློས་བྱས་ཀྱི་གཞི་	basis of rational constructs
མ	mother
མ་ཐག་	immediately
མ་ཕམ་པ་	undefeated
མ་མོ་	Mamo
མ་མོ་རྦོད་གཏོང་	the sorcerers | the mamo
མ་མོ་རྦོད་གཏོང་གི་རྒྱུད་མ་མོ་ཀུན་འདུས་	The Sorcerers the Mamo Tantra the Compendium of Mamos
མ་མོས་	lacking devotion
མ་ཚང་	incomplete
མ་ཟད་	not only that
མ་འོངས་པ་	future
མ་ཡིན་པ་	is not
མ་རིག་	ignorance
མ་རིག་པ	ignorance
མ་རིག་པ་	ignorance | non-rigpa
མ་རུངས་པ་	malicious | vicious | horrid | endangering
མ་རྒན་	old mother
མ་ལུས་པ་	none excluded
མ་ལུས་པ་	none excluded | every one | the whole lot
མ་སྐྱེས་དགྲ་	Ajashatru
མ་ཧཱ་	Great Union Yoga (sometimes just Maha for example when Maha-Ati)
མ་ཧཱ་མཱ་ཡཱ་	Mahamaya
མ་ཧཱའི་་ཡོ་གའི་ཐེག་པ་	Mahayoga Vehicle
མཁན་པོ་	preceptor
མཁའ་	sky | space
མཁའ་ཁྱབ་	pervading space
མཁའ་དབྱིངས་	space-expanse
མཁའ་དབྱིངས་རྣམ་དག་གི་རྒྱུད་	the Completely Pure Space-Expanse Tantra
མཁའ་འགྲོ་	Dakini
མཁའ་འགྲོ་བདེ་བའི་རྒྱུད་	Tantra of Dakini's Ease
མཁས་པ་	skilled | expert | learned | knowledgable
མཁྱེན	think of
མཁྲང་འགྱུར་	solidifying
མཁྲིག་མ་	the wrist
མཁྲིས་	tripa | bile | gall bladder
མཁྲིས་པ་	Tripa
མཁྲེགས་	hard
མགོ་	head
མགོ་བོ	head
མགོ་མཇུག་	the top and bottom | head and feet
མགོན་	guardian
མགོན་པོ་	guardian | lord
མགྲིན་པ	throat
མང་	many | much
མང་པོ	many | much
མང་པོས་བཀུར་བ་	The School of (the ones who follow) Greatly Revered
མང་བ	more
མངའ་	to have | to possess
མངའ་བ་	{H} to possess | to have
མངལ་	womb
མངོན་	manifest
མངོན་པ	to become apparent | evident | visible
མངོན་པ་	to become obvious | evident | apparent | visible
མངོན་པར་བྱང་ཆུབ་པ་	manifest enlightenment
མངོན་པར་བྱང་ཆུབ་པའི་རྒྱུད་	Tantra of Manifest Enlightenment
མངོན་པར་རྟོགས་པ་	manifest realization
མངོན་པར་རྟོགས་པའི་རྒྱན་	the Ornament of Manifest Realization
མངོན་པར་རྟོགས་པའི་རྒྱན་གྱི་འགྲེལ་ཆུང་དོན་གསལ་	the small commentary on Clear Meaning of the Ornament of Manifest Realization
མངོན་འབྱུང་	manifestation
མངོན་རྟོགས་རྒྱན་གྱི་འགྲེལ་ཆུང་	the small commentary on the Ornament of Manifest Realization
མངོན་ཤེས་	extra-perception
མངོན་སུམ་	direct | direct perception | unmistaken
མངོན་སྤྱོད་	manifest action
མཆན་ཁུང་	arm-pit
མཆི	to go | to come for | to take | to exist | to be
མཆིལ་	saliva | spit
མཆིས་	to go to | to come for | to take
མཆིས་པ	{P} to go | to come for | to exist | to be
མཆེ་བ་	incisor tooth
མཆོག	best | excellent | outstanding | supreme
མཆོག་	best | excellent | outstanding | supreme
མཆོག་གི་སྤྲུལ་སྐུ་	supreme nirmanakaya
མཆོང་	to jump | to leap
མཆོད	to do offering
མཆོད་	offering | veneration | practice
མཆོད་པ་	offering | practice  | to do puja
མཆོད་རྟེན་	stupa
མཆོད་སྦྱིན་	offering and giving
མཇལ་བ་	{H} to meet with
མཇུག་	conclusion | ending
མཇུག་མ་	next | following | tail
མཉམ	together
མཉམ་ཉིད་ཀྱི་ཡེ་ཤེས་	wisdom of equality | wisdom of sameness
མཉམ་པར་བཞག་པ་	rested in equanimity
མཉམ་པར་འཇོག་པ་	equipoise | to equipose | to set in equipose
མཉམ་པར་འཇོག་པ་བྱེད་པ་	to set in equipoise
མཉམ་བཞག་	equipoise
མཉམ་རྗེས་	meditation and post-attainment
མཉེན	soft | flexible | pliable
མཉེས་	to be pleased
མཉེས་པ་	{H} to be pleased | to be delighted
མཐའ་	extremes | edge | outer limit | sky | space
མཐའ་གཉིས་	the two extremes
མཐའ་དག་	entire | entirety
མཐའ་མེད་པ་	limitless | endless
མཐའ་འཁོབ་	borderland
མཐའ་ཡས་	infinite | beyond limits
མཐའ་ཡས་པ་	infinite
མཐར་ཐུག་	ultimate | final
མཐར་ཐུག་པ་	ultimate | final
མཐིལ་	central-most
མཐུ་	power
མཐུ་ལྡན་	powerful
མཐུན་	harmone | concordance | accord | agreement
མཐུན་པ	to agree | to be in accord | to be concordant with
མཐུན་མོང་	ordinary
མཐེ་བོ་	the thumb | the big toe
མཐེབ་མོ	the thumb
མཐོ་དམན་	high and low
མཐོ་རིས་	higher level
མཐོང་	to see
མཐོང་བ	to see
མཐོང་བ་	to see | to behold
མདངས་	lustre | sheen | complexion
མདའ་	an arrow
མདའ་འཕེན་	shoot an arrow
མདའ་རྒྱང་	bow-shot distance
མདུན་	the front
མདུན་བསྐྱེད་	front generation
མདོ་	sutra
མདོ་སྒྱུ་འཕྲུལ་ཡེ་ཤེས་རྔམ་པ་ཀློག་གི་འཁོར་ལོ་	Illusory Display Sutra of the Wheel of Wisdom Fearsome Lightning
མདོ་སྔགས་	sutra and mantra
མདོ་སྡེའི་རྒྱན་	the Ornament for the Sutra Section
མདོག་	colour
མདོའི་ཐེག་པ་	Sutra Vehicle
མདོར་ན་	in summary | in brief
མན་	lower point
མན་ངག་	foremost instructions
མན་ངག་འཕྲེང་བའི་རྒྱུད་	Garland of Foremost Instruction Tantra
མན་ངག་སྙིང་པོའི་རྒྱུད་	the Essential Foremost Instruction Tantra
མན་ངག་སྡེ་	foremost instuctions section
མནན	{PF} to press down
མནན་	{PF} to press down
མནར་མེད	Avichi | unremitting
མཚན་	{H} name | title
མཚན་གཞི	basis of characterization
མཚན་ཉིད	characteristic
མཚན་ཉིད་	definition | characteristics
མཚན་ཉིད་ཀྱི་ཐེག་པ་	Vehicle of Characteristics
མཚན་བརྗོད་	Expressing the Names
མཚན་མ	genitals
མཚན་མོ་	night
མཚན་ལྡན་	having the name | having the marks of
མཚམས་	boundary | border-line | retreat
མཚུངས་པ་	similar
མཚུངས་མེད་	peerless | unparalleled | without equivalent
མཚོ་འགྲམ་	the shore of a lake | the shore of an ocean | sea beach
མཚོན	to illustrate | to demonstrate | to represent
མཚོན་ཆ	weapons
མཚོན་པ	to illustrate | to demonstrate | to represent
མཚོན་པ་	to illustrate | to demonstrate | to represent
མཛད་	to do | to make | to perform | to compose
མཛད་པ་	to compose | to make | composition | deed
མཛད་པ་བཅུ་གཉིས་	twelve deeds of Buddha
མཛུབ་	the index finger
མཛུབ་མོ་	index finger
མཛེ་	leprosy
མཛེས་པ	beautiful | handsome
མཛོད	treasury
མཛོད་	treasury
མཛོད་སྤུ་	urna hair
མཛོད་སྤུ་ནོར་བུ་	Urna Hair Jewel
མར་	down | below | lower
མར་མེ་	butter lamp
མར་མེ་མཛད་	Dipankara
མར་སྣེ་	lower tip | lower end
མལླིཀ་	garland
མི་	human | man
མི་གཡོ་བ་	Achala | unshakeable
མི་དགེ་	non-virtue
མི་དགེ་བ་	non-virtue
མི་ནུབ་པའི་རྒྱལ་མཚན་ནམ་མཁའ་ཆེ་	the Unflagging Victory Banner of the Great Space
མི་ནུབ་རྒྱལ་མཚན་	the Unflafgging Victory Banner
མི་བསྐྱོད་པ་	Akshobhya | unshakable
མི་མཐུན་པ	not agreeable | not harmonious | not concordant
མི་ཟད་	inexhaustible
མི་འཁྲུགས་པ་	Akshobhyah | unshaking
མི་འགྱུར་བ་	unchanging
མི་ལ་	Milarepa
མི་སྐྱེ་བ་ཤེས་པའི་ཡེ་ཤེས་	wisdom which knows the unborn
མི་སྣང་བ་	invisible
མིག་	eye
མིག་གཟུགས་	the sense faculty of the eye having form
མིག་དམར་	Mars | Tuesday
མིང་	name
མིང་ཚིག་	names and words | noun
མིད	to swallow
མིན་པ	is not
མིན་པ་	is not
མུ་སྟེགས་	Tirthikas
མུ་སྟེགས་པ་	Tirthika follower
མུན་པ་	darkness
མུན་སེལ་	dispelling darkness
མེ	fire
མེ་	fire
མེ་ཀློང་འབར་བའི་རྒྱུད་	Tantra of the Blazing Fire Expanse
མེ་ཏོག་	flower
མེ་མཉམ་གྱི་རླུང་	fire accompanying loong
མེ་ལོང་ལྟ་བུའི་ཡེ་ཤེས་	mirror-like wisdom
མེ་ལྟར་འབར་བའི་རྒྱུད་	Blazing Like Fire Tantra
མེད	to not be existing | to not be present | to be without
མེད་	to be without | to not be present | to be non-existent | to be absent
མེད་པ	to be without | to not be present | to be non-existent | to be absent
མེར་མེར་པོ་	quivering mass (the forming mass which is the embryo in a human womb during the second week after conception)
མོས་གུས་	devotion
མོས་པ་	devotion
མྱ་ངན	mental suffering | sorrow | anguish
མྱ་ངན་	trouble | grief | sorrow | anguish
མྱགས་པ	decomposed | putrefied | rotted
མྱང་འདས་	nirvana
མྱུ་གུ་	sprout | bud
མྱུར་	quick | swift | rapid
མྱུར་བ་	quick | swift | rapid
མྱོང་	to taste | to experience
མྱོང་བ	to taste | to experience
མྱོང་བ་	to taste | to experience
མྱོངས་	to experience | to taste
ཙ་རི་	Tsari
ཙནྡན་	sandal | sandalwood
ཙམ་	just | only
ཙོག་པུ	sitting up
ཙོག་པུར་འདུག་	stay sitting upright
ཚ་གྲང་	hot and cold
ཚ་བ	heat | fever
ཚང་བ	to be whole | to be complete
ཚངས་པ་	Brahma
ཚད་	measurment | size | heat
ཚད་མ	valid cognition | logic
ཚད་མ་	valid cognition
ཚད་མ་ཀུན་ལས་བཏུས་	the Compendium of Valid Cognition
ཚད་མ་སྡེ་བདུན་	the Seven Treatises on Valid Cognition
ཚལ་	grove | thicket
ཚལ་པ་	piece | fragment
ཚིག་	word | verse
ཚིག་གསལ་བ་	Clear Words
ཚིག་པ་	to be burned | to get burned
ཚིགས་པ་	vertebra
ཚིམ་	to be satisfied
ཚུད་པ	to be inserted | to be entered | to go into | to be put inside
ཚུར་	towards | hither | over here | in this direction
ཚུལ	way | mode
ཚུལ་	way | mode
ཚུལ་གསུམ་སྒྲོན་མའི་རྒྱུད་	the Lamp on the Three Modes Tantra
ཚུལ་བཞིན་	proper | suitable | appropriate
ཚེ	life
ཚེ་	life | time
ཚེ་ཕྱི་མ་	next life | future life
ཚེ་རབས་	succession of lives | successive lives | lifetimes
ཚེགས་	the experience of difficulty | the experience of hardship | degree
ཚེམས་	{H} tooth
ཚོགས	gathering | accumulation
ཚོགས་	gathering | accumulation
ཚོགས་གཉིས་	the two accumulations
ཚོགས་པ་	gathering | accumulation
ཚོགས་བསགས་པ་	accumulation of the accumulations
ཚོགས་སྦྱོར	the path of accumulation and the path of connection
ཚོང་	trade
ཚོང་དཔོན་	merchant | trader
ཞག་	day
ཞང་བཙུན་	Shang Tsun Dorje Oser
ཞབས་	{H} feet | legs
ཞབས་ཏོག་	sevice
ཞབས་འབྲིང་	assistant | attendant
ཞལ་	[Hon] mouth | [Hon] face
ཞལ་གདམས་	oral instructions
ཞལ་གཟིགས་	vision
ཞལ་བཞུགས་པ་	{H} to be alive
ཞལ་མཇལ་	a face to face meeting | meeting in person
ཞལ་ལུང་	[Hon] the words | oral instructions
ཞལ་སྐྱེམས་པ་	{H} drinks beverages
ཞི་གནས་	calm abiding
ཞི་བ་	to pacify | peace | tranquility
ཞི་བ་འཚོ་	Shantarakshita
ཞི་བ་ལྷའི་རྒྱུད་	the Tantra of the Peaceful Deities
ཞི་བདེ་	peaceful and full of ease
ཞི་བར་བྱེད་པ་	pacification
ཞིག་	{P} to demoish | to destroy | to come | to destruction | to perish | to fall apart
ཞིང་	sphere | dimension | field
ཞིང་བཅུ་རོལ་པའི་རྒྱུད་	Tantra of the Display of Ten Fields
ཞིབ་	fine | detail
ཞུ་བ་	petition | request
ཞུགས་	to enter into | to engage in
ཞུགས་པ་	to enter into | to engage in
ཞུས་པ་	to request
ཞེ་སྡང་	aversion | anger | hatred | aggression
ཞེང་	width | breadth
ཞེན་པ་	clinging
ཞེན་པ་	to be attached
ཞེས་	the connector equivalent of the English quotation mark
ཞེས་པ	so-called
ཞེས་བྱ་བ་	named | called
ཟ་	to eat
ཟ་བྱེད་རོལ་པ་སྦྱིན་སྲེག་གི་རྒྱུད་	Tantra of Devourer Fire Offering
ཟ་ཟི་	disordered | here and there | messed up | all sorts of
ཟག་	to drop down | to drop | to fall
ཟག་མེད་	without outflows
ཟགས་	to drop | to fall
ཟགས་པ་	to drop | to fall
ཟང་ངི་ཟིང་ངི་	disordered | here and there | messed up | all sorts of
ཟང་ཐལ་	transparent | translucent
ཟངས་	copper
ཟད་	to be spent | to be consumed | to be finished | to be exhausted
ཟད་པ་	exhaustion
ཟད་པ་ཤེས་པ་	knowledge of exhaustion
ཟད་པ་ཤེས་པའི་ཡེ་ཤེས་	the wisdom of knowing the exhaustion
ཟད་མཐའ་	end | ending | finish
ཟབ་	deep | profound
ཟབ་བོ་	profound
ཟབ་མོ་	profound
ཟབ་མོའི་དོན་	profound meaning
ཟབ་ཞི་	profound and peaceful
ཟར་མ	flax (the plant)
ཟས་	food
ཟས་ནོར་	food and wealth
ཟས་སྐོམ་	food and drink
ཟིན་	to hold something firmly in mind | to memorize
ཟིན་པ་	to hold something firmly in mind | to memorize
ཟུག་	to be piercing | to be sticking into
ཟུག་པ	to be piercing | to be sticking into
ཟུག་རྔུ་	pain | discomfort | soreness | ache | hurt
ཟུང	a pair | two
ཟུང་འཇུག་	unified
ཟུར་	corner | angle
ཟུར་ཆག་པ་	corrupted | partial
ཟེར་བ་	to say | to speak
ཟོ་བ་	bucket |  pail |  urn
ཟོལ་	cunning | deceit
ཟོས་པ་	{P} to eat
ཟླ་གསང་ཐིག་ལེའི་རྒྱུད་	The Secret Moon Drop Tantra
ཟླ་གསང་ནག་པོའི་རྒྱུད་	The Secret Black Moon Tantra
ཟླ་བ	moon | month
ཟླ་བ་	moon | month
ཟླུམ་པོ་	spherical | round | rounded | circular
འཁོར་	wheel | retinue | followers
འཁོར་བ་	Samsara
འཁོར་བ་དོང་སྤྲུག་རིན་པོ་ཆེ་གསང་བའི་རྒྱུད་	The Secret Prescious Tantra of Empting Samsara from It's Depth
འཁོར་བའི་ ཆོས་	dharmas of samsara
འཁོར་འདས་	samsara and nirvana
འཁོར་ལོ	wheel | chakra
འཁོར་ལོ་	wheel | chakra
འཁྱམ་པ་	to wander
འཁྱམས	to wander | to travel | to roam
འཁྱིལ་	whirl | swirl
འཁྱིལ་པ	whirl | swirl
འཁྲིགས་	to amass
འཁྲུ་སྐྱུག་	diarrhea and vomiting
འཁྲུག་	to become disturbed
འཁྲུག་པ	disturbance
འཁྲུགས་	disturbance| fight | disharmony
འཁྲུགས་	to become disturbed
འཁྲུགས་པ	to become disturbed
འཁྲུལ་	to be confused
འཁྲུལ་པ་	confusion  | to be confused
འཁྲུལ་བ་	confusion
འཁྲུལ་འཁོར་	Yogic exercise
འཁྲོ་	anger
འགག	to be stopped | to stop | to cease
འགགས་པ་	stoppage | the state of being caught | the state of being trapped
འགའ	canvas | a few | some
འགུལ་	to move back and forth
འགུལ་བ	to move back and forth | to shake | to quake
འགེགས་	to stop | to block | to halt
འགེངས་པ་	to fill up with
འགོག་པ་	to stop something
འགོད་པ་	to arrange | to lay out | to set
འགྱིག་	rubber | plastic
འགྱུར	become | transform | translate
འགྱུར་	become | transform | translate
འགྱུས	moved (from/within)
འགྱུས་པ་	moved | something came out of something
འགྱེད་	articles to be offered | offerings
འགྱེད་	to display | to emit | to send | to give | to scatter
འགྱེད་པ་	to display | to emit | to send | to give | to scatter
འགྱོད་	to regret
འགྲན་པ་	to compete with | to challenge | to mantch | to rival
འགྲན་སེམས་	rivalry | competitiveness
འགྲམ་	cheek area | jaw | jawbone
འགྲམ་པ་	cheek | jaw
འགྲིབས་	to diminish | to decrease | to wane | to decay | to be veiled | to be obscured
འགྲིམ་པ་	to wanter | to roam | to travel
འགྲུབ	to be accomplished | to be produced | to come into existence
འགྲུབ་	to be accomplished | to be produced | to come into existence
འགྲུབ་པ	to be accomplished | to be produced | to come into existence
འགྲེལ་	commentary
འགྲེལ་ཆེན་	great commentary
འགྲེལ་པ་	commentary
འགྲེལ་བ་	commentary
འགྲོ	to go
འགྲོ་	to go
འགྲོ་དོན་	benefit of beings
འགྲོ་བ་	being
འགྲོ་འདུག་	going and staying
འགྲོགས་	to accompany
འགྲོངས་པ་	to die
འགྲོན་པོ་	guest
འགྲོས་བཟང	good gait
འང་	Can have several functions a) one of རྒྱན་སྡུད་ used with endings འ་ or as a verse filler b) inclusion (e.g. also, further, too, moreover, and also as all-inclusive as in སུའང་
འཆགས་པ་	to lay aside | to lay down
འཆང་བ་	to hold | to bear | to wield
འཆད་	explanation
འཆད་པ་	to explain
འཆར	to appear
འཆི་	to die
འཆི་བ་	death
འཆི་མེད་	deathlessness | immortality | deathless
འཆིང	to bind
འཆོས་སྐྱོབ་	creating and protecting
འཇམ་	soft | smooth
འཇམ་དཔལ་	Manjushri
འཇམ་དཔལ་དྲ་བ་གཅོད་པའི་རྒྱུད་	Manjushri Tantra of Cutting The Net
འཇམ་དཔལ་ཞལ་ལུང་	Manjushri’s Oral instructions
འཇམ་དཔལ་ཡེ་ཤེས་སེམས་དཔའ་དྲི་མ་མེད་པའི་རྒྱུད་	Tantra of Manjushri's Stainless Wisdom Being
འཇམ་དཔལ་རོལ་པའི་མདོ་	Manjushri's Display Sutra
འཇམ་དཔལ་རྩ་རྒྱུད་	Manjushri Root Tantra
འཇམ་དཔལ་སྒྱུ་དྲྭ་	Manjushri Web of Maya (Mayajala)
འཇམ་དཔལ་སྒྱུ་འཕྲུལ་དྲ་བ་	Manjushri Net of Illusory Display
འཇམ་པ་	soft | smooth
འཇམ་པོ་	soft | smooth
འཇའ་	rainbow
འཇའ་ཚོན་	rainbow-colored
འཇའ་འོད་	rainbow light
འཇིག་	destruction | disintegration | ruin | to fall apart
འཇིག་པ་	to destroy | to demolish
འཇིག་རྟེན་	world
འཇིག་རྟེན་པ་	Wordly person
འཇིག་རྟེན་ལས་འདས་པ་	beyond the world
འཇིག་རྟེན་ལས་འདས་པར་སྨྲ་བའི་སྡེ་	speech beyond the world section
འཇིགས་	fear
འཇིགས་པ་	to fear | fear
འཇིགས་བྱེད་	terrifier
འཇིགས་མེད་	fearless | without fear
འཇིགས་མེད་རི་ལ་གནས་པའི་སྡེ་	the group who dwelled on fearless mountain
འཇིགས་སྐྲག	fearful | terrified | very afraid
འཇིབ་	to suck in | to suck up
འཇུ་བ་	to digest
འཇུག	to engage in | to enter into | to get
འཇུག་	to engage in | to enter into | to get
འཇུག་པ	to engage in | to enter into | to get
འཇུག་པ་	to engage in | to enter into | to get
འཇུག་ཡུལ་	object of engagement | engaged object
འཇོག་པ	to put | to place | to rest
འཇོག་པ་	to put | to place | to rest
འཇོག་སྒོམ་	resting cultivation | resting meditation
འཇོམས	to defeat | to overcome
འཇོམས་པ་	to defeat | to subdue | to overcome
འཐབ་རྩོད་	dispute | fight | quarrel
འཐས་པ	concrete | solid
འཐིབ་	dullness
འཐིབ་པ་	dullness
འཐིབས་པ་	to become gloomy/overcast/dark/obscured
འཐུང་	to drink
འཐུངས་	to drink | to take in | to eat | to smoke
འཐེན	to draw | to inhale | to smoke | to pull
འཐོན་	to emerge | to come out | to be produced | to appear
འཐོན་པ་	to go out | to depart | to leave | to emerge | to be produced | to appear
འཐོར་	to disperse  | to scatter  | to fragment
འཐོར་བ	to disperse | to scatter | to fragment
འདག	to be cleansed | to become clean
འདབ་	(has the sense of) petal | leaf
འདབ་མ་	petal | leaf
འདའ	to pass | to surpass | to transcend | to go beyond | to pass away
འདའ་བ་	to pass | to surpass | to transcend | to go beyond
འདས་	passed
འདས་པ་	passed
འདི	this
འདི་	this
འདི་ཉིད་	itself
འདུ་བ་	to gather | to collect
འདུ་ཤེས་	cognition | perception
འདུ་ཤེས་མེད་པ་	non-cognition | cognitionless
འདུ་ཤེས་མེད་པའི་སྙོམས་འཇུག་	the equilibrium of cognitionless
འདུག	to stay | to be present
འདུག་སྟངས་	posture | pose | position
འདུད་པ་	to bow down | to bend over
འདུན་པ་	motivadness
འདུལ་	tame | subdue | subjugate
འདུལ་	to tame | to subdue
འདུལ་བ་	Vinaya
འདུལ་བ་	to tame
འདུལ་བྱེད་	tamer
འདུས་པ	aggregate | assemblage | compound
འདུས་པ་	aggregate | assemblage | compound | gathering
འདུས་མ་བྱས་	unconditioned | non-composite | non-compound
འདུས་མ་བྱས་པ་	unconditioned | non-composite | non-compound
འདེགས་པ་	to lift up | to elevate
འདེབས་	to plant | to establish
འདེབས་པ་	to plant | to establish
འདོད་	desire | wanting
འདོད་ཆགས་	desire | attachment | passion
འདོད་པ་	desire | want(ing) | wish(ing)
འདོད་པ་	to desire | to want | to maintain | to hold | to accept
འདོད་ཡོན་	[internal aspect of] sense pleasures | the qualities of desire
འདོད་སྲེད་	lust
འདོན	to recite | to chant
འདོན་	to recite | to chant
འདོམ་གང་	ful bow-lengh | full fathom
འདོར་	to throw out | to discard | to spit out
འདྲ	like | similar to
འདྲ་བ་	to be similar | same | alike
འདྲེ་	malevolent ghost
འདྲེན་	to lead | to guide
འདྲེན་པ	to lead | to guide
འཕགས	superior
འཕགས་པ་	noble
འཕགས་པ་ཏིང་ངེ་འཛིན་རྒྱལ་པོའི་རྒྱུད་	The Noble King of Concentration Tantra
འཕགས་པ་ཡོན་ཏན་རིན་པོ་ཆེ་ཡང་དག་པར་སྡུད་པའི་མདོ་	The Authentic Condensed Precious Good Qualities Sutra
འཕགས་པའི་ཡུལ་	noble land
འཕང་བ་	to propel
འཕངས	{P} to propel | to cast | to throw | to fling | to hurl
འཕངས་པ་	{P} to propel | to cast | to throw | to fling | to hurl
འཕར་བ་	to fly up | to bound up | to pulse
འཕར་རྩ་	artery
འཕུར	to rub
འཕུལ	to push forward
འཕུལ་བ་	to push forward
འཕེན	to propel
འཕེན་པ	to propel
འཕེལ	to increase | to grow | to multiply | to flourish
འཕེལ་	to increase | to grow | to multiply | to flourish
འཕེལ་བ	increase
འཕོ་	transference
འཕོ་བ	transference
འཕོ་བ་	transference
འཕོ་འགྱུར་མེད་པ	changeless
འཕོ་ལྟུང་	transition and fall
འཕོང་	archery
འཕྲད་པ་	to meet | to encounter
འཕྲིན་ལས་	action | activity | enlightened activity
འཕྲིན་ལས་ཀྱི་རྒྱུད་ཀརྨ་སྒྱུ་འཕྲུལ་དྲ་བ་	Net of Illusory Display of Karma
འཕྲུལ་བ་	emanation | emanate | display
འཕྲུལ་བྱས་པ་	emanated
འཕྲེང་བ་	garland
འཕྲོས་པ	to radiate
འབད་པ་	to make an effort | to exert
འབད་རྩོལ་	effort-filled endeavour
འབའ་ཞིག་	only | just
འབར	blazing
འབུད	to sound | to blow
འབུད་པ་	to blow
འབུམ་	one hundred thousand
འབུམ་ཕྲག་	one hundred thousand
འབེབས་	drop
འབེབས་སྟན་	drop mat
འབོལ་བ་	flexible
འབྱིན	to draw out | to draw forth | to remove | to take out | to extract
འབྱིན་པ་	to draw out | to draw forth | to remove | to take out | to extract
འབྱིན་རྔུབ	exhalation and inhalation
འབྱུང་	to happen | to occure
འབྱུང་གནས་	source | origin
འབྱུང་པོ་	elemental spirits
འབྱུང་པོ་འདུལ་བྱེད་ཀྱི་རྒྱུད་	Tantra of Taming the Elemental Spirits
འབྱུང་བ	to occure | to happen
འབྱེད་གཉིས་	the two differentiations
འབྱེད་པ	to open | to differentiate
འབྱེད་པ་	to open | to differentiate
འབྱོན་པ་	to come | to arrive
འབྱོར་	to arrive | to be connected with
འབྲངས	{P} to follow
འབྲལ་	to separate from | to be freed from
འབྲལ་བ་	to separate from | to be freed from
འབྲས་	result | fruit
འབྲས་བུ་	result | fruit
འབྲས་བུ་གསང་སྔགས་ཀྱི་ཐེག་པ་	resultant vehicle of secret mantra
འབྲས་བུ་སྔགས་ཀྱི་ཐེག་པ་	resultant vehicle of mantra
འབྲི་གུང་	Drigung
འབྲིང་	medium
འབྲེལ་པ་	to be inter-related | to be inter-cinnected
འབྲེལ་བ	to be inter-related | to be inter-cinnected
འབྲོག་པ་	nomad
འཚང་རྒྱ་	will become buddha
འཚང་རྒྱ་བ་	will become buddha
འཚལ་	to do with
འཚལ་བ	to do with
འཚལ་བ་	to do with
འཚེ་	harmful | hurtful
འཚེ་བ	to be harmful
འཚེ་བ་	harmful | troublesome | hurtful
འཚོ་	to live | to be alive | to be surviving
འཚོ་བ་	supports for life | nourishment
འཚོང་	to sell
འཛག་པ་	to come down | to drop
འཛིན	to grasp | to hold
འཛིན་	to grasp | to hold
འཛིན་པ་	to grasp | to hold
འཛུམ་	to close | to shut
འཛེར་བུ་	a small nail | a small spike
འུ་ཅག་	we | us | ourselves
འོ་མ་	milk
འོ་སྐོལ་	we
འོག	below
འོག་	below
འོང	to come
འོངས་	{P} to come
འོངས་པ་	{P} to come
འོད་	light | luminosity | radiance
འོད་གསལ་	illuminating | luminosity
འོད་དཔག་མེད་	unfathomable light
འོད་ཟེར་	light rays
འོད་ཟེར་ཅན་	Marici
འོད་སྣང་	light
འོན་པ་	the deaf
འོབས་	hole | pit | rut
ཡ་རེ་ང་	"""How anxious I feel for them!"""
ཡང་	Can have several functions a) one of རྒྱན་སྡུད་ used with endings ང་ ན་ མ་ ར་ ལ་ or as a verse filler b) inclusion (e.g. also, further, too, moreover, and also as all-inclusive as in  གང་ཡང་  c) augmentation (e.g. again, further, or extra)
ཡང་ཏིག་རྒྱལ་པོའི་རྒྱུད་	Quintessence King Tantra
ཡང་དག་	truly so | genuine | authentic | extremely pure
ཡང་དག་ཐུགས་ཀྱི་རྒྱུད་ཧེ་རུ་ཀའི་གལ་པོ་	Vishudha Mind Heruka Galpo Tantra
ཡང་དག་པ	genuine | authentic
ཡང་དག་པའི་ངང་	right state
ཡང་དག་པར་	genuine | authentic
ཡང་དག་རྒྱུ་བའི་རླུང་	truly moving loong
ཡང་ན་	or
ཡང་བ་	light
ཡངས་པ	wide-open | un-constricted | unconfined
ཡན་ལག་	branch | limb | ancillary
ཡན་ལག་གི་རླུང་ལྔ་	the five ancillary loong
ཡབ་	[H] father
ཡར་	above | up | upwards
ཡར་སྣེ་	upper tip | upper end
ཡལ་ག	branch
ཡི་གེ་	letter
ཡི་གེ་རྣམ་དག་གི་མདོ་	Sutra of Completely Pure Letters
ཡི་དམ་	personal deity | yidam
ཡི་དྭགས་	hungry ghost | preta
ཡིག་	letter
ཡིད	mind
ཡིད་	mind | mind faculty
ཡིད་ཆེས་པ	to trust in
ཡིད་དུ་འོང་བ་	charming | delightful | adorable | lovely | pleasing | pleasant
ཡིད་བཞིན་	wish-fulfilling
ཡིད་བཞིན་ནོར་བུའི་རྒྱུད་	Wish-fulfilling Jewel Tantra
ཡིད་འོང་	charming | delightful | adorable | lovely | pleasing | pleasant
ཡིད་འོང་བ་	charming | delightful | adorable | lovely | pleasing | pleasant
ཡིན	to be
ཡིན་	to be
ཡིན་པ	to be
ཡུན་རིང་	a long time | a long period | a long while | long duration
ཡུམ་	[H] mother
ཡུལ་	place | region | area | object...
ཡུལ་གྱིས་བསྐལ་པ་	far apart
ཡུལ་ངེས་བྱེད་ལྔ་	the five object-determining (mental events)
ཡུལ་ཅན་	subject
ཡེ་	primordial
ཡེ་ཤེས་	primordial wisdom
ཡེ་ཤེས་ཀྱི་རླུང་	loong of wisdom
ཡེ་ཤེས་ཆོས་སྐུ་	Jnanadharmakaya
ཡེ་ཤེས་ཐིག་ལེ་	Primordial Wisdom Essense {Tantra}
ཡེ་ཤེས་ཐིག་ལེའི་རྒྱུད་	Tantra of Primordial Wisdom Essence
ཡེ་ཤེས་དམ་པའི་རྒྱུད་	Tantra of Eminent Primordial Wisdom
ཡེ་ཤེས་རྡོ་རྗེ་ཀུན་ལས་བཏུས་པའི་རྒྱུད་	Tantra of Compendium of Vajra Wisdom
ཡེ་ཤེས་སེམས་དཔའ་	wisdom being
ཡེ་སངས་རྒྱས་པའི་རྒྱུད་	Primordial Buddhahood Tantra
ཡེང་བ་	to be distracted to | to wander to
ཡེངས་པ་	(p) to be distracted to | to wander to
ཡོ་བྱད་	materials | articles | devices | belongings
ཡོང་	to come
ཡོངས་	whole | entire
ཡོངས་སུ་	overall | alltogether | wholly
ཡོངས་སུ་རྫོགས་པ་	fully complete
ཡོད	to exist | to be present
ཡོད་	to be with | to be present | to be existent
ཡོད་པ་	to be present | to exist
ཡོན་	gift | present | offering | payment
ཡོན་ཏན་	good qualities
ཡོན་ཏན་གྱི་རྒྱུད་རིན་ཆེན་སྒྱུ་འཕྲུལ་དྲ་བ་	Good Qualities Tantra Precious Net of Illusory Display
ར་	ལ་དོན་ for ending འ་ or no ending letter
ར་བ་	range of mountains | fence
རགས་པ	coarse | gross | roughly | approximately
རགས་ལས་	to depend on
རང་	self
རང་གཞན་	oneself and others
རང་ངོ་ཤེས་པ་	self-recognise
རང་ཅག་	we | us
རང་ཉིད་	me | myself | i, myself | oneself
རང་བཞིན	nature
རང་བཞིན་	nature
རང་བཞིན་བརྗོད་པའི་རྒྱན་	Ornament of Expression of Nature
རང་བྱུང་	self-arising | self-originating
རང་བྱུང་བ	self-arising | self-originating
རང་ཞིག	self-destroy | self-eliminate | self-perish
རང་རིག་	self-knowing
རང་རིག་པ	self-knowing
རང་རྒྱལ་	self-made conqueror
རང་རྒྱལ་གྱི་ཐེག་པ་	Vehicle of the self-realizer
རང་རྒྱལ་པ་	self-made conqueror
རང་རྒྱུད་	own continuum | self-continuum
རང་ལུགས་	own system | own tradition
རང་ས་	one's own state | one's own place
རང་སར་དག	self-purified | naturally purified
རང་སེམས་	one's own mind
རང་སོ་	by its own strength | able to stand on its own feet | self-sustained
རང་སོར་	own freshness | natural freshness | self-fresh | untouched
རང་སྣང་	self-appearance
རཏྣ་	ratna
རན་པ	balanced | moderate
རན་པ་	balanced | moderate
རབ་	highest | best | excellent
རབ་ཏུ་	utterly | fully | extremely
རབ་ཏུ་རྒྱུ་བའི་རླུང་	utterly moving loong
རབ་འབྱམས་	all-encompassing
རལ་གྲི་	sword
རས་	cotton cloth
རི་ཁྲོད་	mountain wilderness | mountain area
རི་པ་	mountain retreat practitioner | mountaneer
རི་བ་	to be valued | to be worth
རི་བྲག་པ་	herdsmen
རི་རབ་	Mt. Meru
རི་རབ་ཟོམ་རྒྱ་མཚོ་དང་མཉམ་པའི་རྒྱུད་	Tantra of Mt. Meru Equal to Ocean
རིག་	rigpa | awareness | knowledge | intelligence
རིག་པ	rigpa | awareness | knowledge | intelligince
རིག་པ་བྱང་ཆུབ་ཀྱི་སེམས་	rigpa enlightenment mind | rigpa bodhicitta
རིག་པ་མཆོག་	Supreme Rigpa Tantra
རིག་པའི་ཁུ་བྱུག་གི་རྒྱུད་	Tantra of Rigpa's Cuckoo
རིག་བྱེད་	veda
རིག་འཛིན་འདུས་པ་	Vidyadhara Assemblage [Tantra]
རིག་སྔགས་འཆང་བ་	Wielding Awareness Mantra
རིག་སྔགས་སྤྱིའི་སྒྲུབ་པ་ཧེ་རུ་ཀའི་ཏནྟྲ་	Heruka Tantra of General Accomplishment of Vidya Mantra
རིགས་	"class | family | lineage | kind | destination | (NOTE: this term is also used for ""Buddha nature"")"
རིགས་དྲུག་	six classes (of beings)
རིགས་ལྔ་	five classes (of buddhas)
རིགས་ལྔའི་སངས་རྒྱས་	Buddhas of the five classes
རིང་	long
རིང་ཐུང་	length
རིང་བསྲེལ་	relics
རིད་པ་	emaciated
རིན་ཆེན་	precious
རིན་ཆེན་ཕྲེང་བ་	Precious Garland
རིན་ཆེན་འབྱུང་གནས་	source of preciousness
རིན་པོ་ཆེ	precious
རིན་པོ་ཆེ་	precious
རིན་པོ་ཆེ་འཕྲེང་བའི་རྒྱུད་	Jewel Garland Tantra
རིན་པོ་ཆེ་འབར་བའི་རྒྱུད་	The Blazing of Jewels Tantra
རིམ་གཉིས་	the two stages
རིམ་གྱིས་	gradually
རིམ་པ	step | stage | grade
རིམ་པར་	gradually
རིམ་བཞིན་	progressive | successive | gradual
རིམ་འགྲོ	healing ceremony
རུ་	ལ་དོན་ for ending འ་ or no ending letter
རུང་	suitable | acceptable
རུང་བ	suitable | acceptable
རུང་བ་མ་ཡིན་པའི་གཞི་བཅུ་	the ten grounds that were not acceptable
རུལ་	rotting | stale | rancid
རུལ་	to rot
རུས་པ་	bone
རེ་	each
རེ་བ་	wish | expectation | hope
རེ་རེ	each | one by one | each one | each one singly
རེ་རེ་	each | one by one | each one
རེ་ལྟོས་	hope | expectation
རེག་	to contact | to touch
རེག་པ	to contact | to touch
རེག་བྱ	touchable(s) | object of touch
རེས་མོ	one by one | alternating one after another
རེས་མོས་	one by one | alternating one after another
རེས་འགའ་	sometimes | occasionally
རོ་	taste | corpes
རོ་ཁ་བ་	bitter taste
རོ་དྲུག་	the six tastes
རོ་མ་	rasana (the right channel)
རོལ་པ་	display | play | activity | dance
རོལ་མོ	music | musical instruments
རྐང་	abbrev. of རྐང་པ leg | foot
རྐང་པ	leg | foot
རྐང་མཐིལ་	sole of the foot
རྐང་ལག་	arms and legs
རྐམ་	desire | clinging
རྐྱང་པ	only | alone | just
རྐྱང་པ་	only | alone | just
རྐྱང་མ་	lalana (the left channel)
རྐྱེན་	condition
རྒན་མོ་	old lady
རྒོད་	vulture
རྒོད་གཤོག་	wings of a vulture
རྒྱ་	seal
རྒྱ་གར་	India
རྒྱ་གྲམ་	criss-cross | crossed
རྒྱ་ཆེ་བ	extensive  | vast
རྒྱ་ཆེར་བཤད་པ་	vast explanation
རྒྱ་ཆེར་འགྲེལ་	vast commentary
རྒྱ་ཆེར་རོལ་པའི་མདོ་	Sutra of the Vast Display
རྒྱ་ཆེར་སྤེལ་བྱས་	expanded
རྒྱ་བ་	rise | swell | grow
རྒྱ་མཚོ་	ocean
རྒྱ་མཚོ་བདེ་བའི་རྒྱུད་	the Ocean of Ease Tantra
རྒྱ་འབྲས་	cause and result
རྒྱང་རིང	far | afar | distant | remote
རྒྱན་	ornament | adornement
རྒྱན་གཉིས་	Two Ornaments
རྒྱན་སྟུག་པོ་བཀོད་པའི་མདོ་	Sutra of the Densely Arrayed Adornments
རྒྱབ་	the back
རྒྱལ་པོ་	king
རྒྱལ་པོའི་ཁང་བཟངས་དམ་པ་	king's eminent abode
རྒྱལ་ཕྲན་	lesser kingdom | minor kingdom
རྒྱལ་བ་	victorious
རྒྱལ་བྱེད་ཀྱི་ཚལ་	Jetravana grove
རྒྱལ་བྱེད་ཚལ་ན་གནས་པའི་སྡེ་	the group who dwell in Jetavana Grove
རྒྱལ་མཚན་	victory banner
རྒྱལ་ཚབ་	representative | regent
རྒྱལ་རིགས་	warrior caste
རྒྱལ་སྲས་	prince | conqueror-son | son of the conqueror
རྒྱས་	abundant | extensive | elaborate
རྒྱས་པ	expansive | extensive | replete | effulgent | abundant
རྒྱས་པ་	expansive | extensive | replete | effulgent | abundant
རྒྱས་འདེབས་	to seal
རྒྱུ	cause
རྒྱུ	to move
རྒྱུ་	cause
རྒྱུ་བའི་རླུང་	the moving loong
རྒྱུ་མ་	small intestines
རྒྱུ་མཚན་	reason
རྒྱུ་མཚན་ཉིད་ཀྱི་ཐེག་པ	the Causal Vehicle of Characteristics
རྒྱུ་འབྲས་	cause and effect
རྒྱུ་རྐྱེན་	causal connection | cause and condition
རྒྱུད་	tantra | lineage
རྒྱུད་པ་	lineage
རྒྱུད་བདུད་རྩི་རོལ་པ་ཆེ་ཆུང་	Major and Minor Enjoyment of Nectar Tantra
རྒྱུད་བླ་མ་	The Highest Continuum
རྒྱུད་བླ་མའི་འགྲེལ་པ་	commentary on the Highest Continuum
རྒྱུད་སྡེ་	tantra section
རྒྱུན་	continuum
རྒྱུན་དུ་འཇོག་པ་	continuous placement
རྒྱུན་བརྟན་པོ་	continuously steady
རྒྱུའི་ཏིང་ངེ་འཛིན་	concentration of cause | cause concentration
རྔ་ཆེན་	big drum | great drum
རྔ་བོ་	drum
རྔམ་བྱེད་མེ་ལྟར་འབར་བའི་རྒྱུད་	The Strong Desire Blasing Like a Fire Tantra
རྔུབ་	to inhale
རྔུབ་པ་	to take in | to breath in
རྔུབས	to inhale
རྗེ་བཙུན་	venerable
རྗེའུ་རིགས་	merchant caste
རྗེས་སུ་	after
རྗེས་སུ་རྣལ་འབྱོར་གྱི་ཐེག་པ་	Subsequent Yoga Vehicle
རྙེད	to find | to discover | to get | to gain | to acquire
རྙེད་	to find | to discover | to get | to gain | to acquire
རྙོག་མ་	unclear | muddied | sullied (anything that is unclear)
རྟ་	horse
རྟ་བདུན་	the sun seven horses
རྟ་མགྲིན་	Hayagriva
རྟག་	permanent
རྟག་ཆད་	permenant view and nihilist view | permanence and nihilation
རྟག་ཏུ་	constantly | always
རྟགས་	mark | sign | symbol | indicator
རྟེན་	a support | a prop
རྟེན་གཞི་	supporting base
རྟེན་འབྲེལ་	dependent relation
རྟོག་	thought | conceptuality
རྟོག་པ་	thought | conceptuality
རྟོག་པ་བདུན་ཅུ་པའི་རྒྱུད་	Seventy Concepts Tantra
རྟོགས་	knowledge | comprehension | realization
རྟོགས་པ	to understand | to comprehend | to realize
རྟོགས་པ་	to understand | to comprehend | to realize
རྟོགས་པའི་ཆོས་	Dharma of realization
རྡུངས་	to hit | to strike
རྡུལ་	particle
རྡུལ་བྲལ་	free from dust
རྡུལ་སྙེད་	as many as atoms
རྡོ་	stone | rock | mineral
རྡོ་བ་	stone | rock
རྡོ་རྗེ	vajra
རྡོ་རྗེ་	vajra
རྡོ་རྗེ་གདན་བཞིའི་རྒྱུད་	Four Vajra Seats Tantra
རྡོ་རྗེ་གཙུག་ཏོར་གྱི་རྒྱུད་	Vajra Crown Protuberance Tantra
རྡོ་རྗེ་གསང་བའི་རྒྱུད་	Secret Vajra Tantra
རྡོ་རྗེ་གུར་	Vajra Dome
རྡོ་རྗེ་ཐེག་པ་	Indestructible Vehicle | vajra vehicle
རྡོ་རྗེ་དབྱིངས་རྩ་བའི་རྒྱུད་སྟོང་ཕྲག་ལྔ་པ་ལེ་ལག་དང་བཅས་པ་	Five Thousand Paragraph Root Tantra of Indestructible Expanse together with the appendix
རྡོ་རྗེ་དྲི་མ་མེད་པའི་རྒྱུད་	Stainless Vajra Tantra
རྡོ་རྗེ་ཕག་མོ་	Vajravarahi
རྡོ་རྗེ་ཕྲེང་བ་	Vajra Garland
རྡོ་རྗེ་མཁའ་འགྲོ་	Vajradakini
རྡོ་རྗེ་མཁའ་འགྲོ་བསྐྱེད་རིམ་རྒྱས་པར་སྟོན་པའི་རྒྱུད་	Exstensive Demonstration of Vajradakini Generation Stages Tantra
རྡོ་རྗེ་མཁའ་འགྲོ་རྒྱ་མཚོ་	Vajradakini Ocean Tantra
རྡོ་རྗེ་མངོན་པར་འབྱུང་བའི་རྒྱུད་	Tantra of Vajra Appearing
རྡོ་རྗེ་འཆང་	Vajradhara
རྡོ་རྗེ་འཕྲེང་བ་	Vajra Garland
རྡོ་རྗེ་རྒྱས་འདེབས་ཀྱི་རྒྱུད་	Vajra Seal Tantra
རྡོ་རྗེ་རྣོན་པོ་	vajra sharp
རྡོ་རྗེ་རྣོན་པོའི་རྒྱུད་	Vajra Sharp Tantra
རྡོ་རྗེ་རྩེ་མོ་	Vajra Peak Tantra
རྡོ་རྗེ་ས་འོག་གི་རྒྱུད་	Vajra Under Earth Tantra
རྡོ་རྗེ་སེམས་དཔའ་	Vajrasattva
རྡོ་རྗེ་སེམས་དཔའ་ཀུན་དུ་བཀོད་པ	All-arranged Vajrasattva Tantra
རྡོ་རྗེ་སེམས་དཔའི་རྒྱུད་གསུམ་	Three Tantras of Vajrasattva
རྡོ་རྗེ་སྙོམས་འཇུག་གསང་བའི་རྒྱུད་	Vajra Equilibrium Secret Tantra
རྡོ་ལ་གསེར་ཞུན་	Refining Gold in the Rock {Tantra}
རྡོག་པ་	shoe sole
རྡོས་པ་	to appear on the surface of
རྣ་བ	ear
རྣ་བ་	ear
རྣམ་	type
རྣམ་གཡེང་	complete distraction
རྣམ་གྲངས་	classification | enumeration
རྣམ་གྲོལ་	complete liberation
རྣམ་ཐར་	complete liberation
རྣམ་དག་	complete purity
རྣམ་དབྱེ་	thorough distinction
རྣམ་པ	type
རྣམ་པ་	type
རྣམ་པར་མི་རྟོག་པ་	not to think discursively
རྣམ་པར་མི་རྟོག་པའི་རྒྱུད་	Tantra of Not Thinking Discursively
རྣམ་པར་ཞི་བར་བྱེད་པ་	the thorough pacification of | to pacify thoroughly
རྣམ་པར་རྒྱུ་བའི་རླུང་	fully moving loong
རྣམ་པར་ཤེས་པ་	consciousness
རྣམ་པར་སྣང་མཛད་	Vairochana
རྣམ་པར་སྣང་མཛད་མངོན་པར་བྱང་ཆུབ་པའི་རྒྱུད་	Vairocana Tantra of Manifest Enlightenment
རྣམ་བཞག་	system of classifications and definition
རྣམ་བཤད་	thorough explanation
རྣམ་བཤད་རིག་པ་	Knowledge of the Thorough Explaination
རྣམ་བྱང་	complete purification
རྣམ་འགྲེལ་	complete commentary
རྣམ་རྟོག་	thoughts | conceptualities
རྣམ་རྟོག་པ་	thoughts | conceptualities
རྣམ་ཤེས་	consciousness
རྣམ་སྣང་	Vairochana
རྣམ་སྣང་མངོན་བྱང་	Vairochana Manifest Enlightenment | Vairochana Sambodhi
རྣམ་སྤྲུལ་	emanations
རྣམས་	standard ending showing the plural case
རྣལ་འབྱོར	yoga
རྣལ་འབྱོར་	yoga
རྣལ་འབྱོར་གྱི་རྒྱུད་	Yoga Tantra
རྣལ་འབྱོར་པ	yogin
རྣལ་འབྱོར་པ་	yogin
རྣལ་འབྱོར་བླ་མེད་	Unsurpassed Yoga
རྣལ་འབྱོར་རྒྱུད་ཀྱི་ཐེག་པ་	Yoga Tantra Vehicle
རྣལ་འབྱོར་སྤྱོད་པའི་ས་ལས་གཞི་བསྡུ་བ་	Base Collector from the Yogacara Levels
རྣོ་རྟུལ་	sharp and dull
རྣོན་པོ་	sharp
རྦ་རླབས་	wave
རྨ་	wound
རྨད་བྱུང་	marvels
རྨད་བྱུང་རྒྱལ་པོའི་རྒྱུད་	King of Marvels Tantra
རྨས་པ་	to be injured | to be wounded
རྨི་ལམ་	dream
རྨིང་	the foundation
རྨུགས་པ་	fogginess | dullness | cloudiness
རྨེན་བུ་	mole
རྨོངས་	ignorance
རྨོངས་པ	to be not knowing
རྩ	channel
རྩ་	channel
རྩ་གཞུང་	root text
རྩ་ཆེན་	great channel
རྩ་དབུ་མ་	central channel
རྩ་ཕྲན་	fine channel
རྩ་བ་	root
རྩ་བོ་	channel
རྩ་འཁོར་	chakra of the channels | chakra | channels and chakras
རྩམ་པ་	tsampa
རྩལ་	potential | expressivity | liveliness
རྩིབ་མ	ribs
རྩིབས་	rib
རྩིབས་མ་	ribs
རྩིས་	mathematics | arithmetic | calculus
རྩུབ་	rough | coarse | harsh
རྩུབ་པ་	rough | coarse | harsh
རྩེ	tip | peak | point
རྩེ་གཅིག་ཏུ་བྱེད་པ་	working on one-pointedness
རྩེ་མོ་	peak
རྩོད་པ་	debate | strife
རྩོད་ལྡན་གྱི་དུས་	Era of Strife
རྩོམ་པ་པོ་	the composer (of a text)
རྩོལ་བ་	endeavour | effort
རྩོལ་སྒྲུབ་	endeavor | exertion
རྩྭ་	grass
རྫུ་འཕྲུལ་	Riddhi | miraculous display | miraculous power | miracle
རྫུ་འཕྲུལ་གྱི་ཆོ་འཕྲུལ་	magical emanations of miraculous (manifestations)
རྫུ་འཕྲུལ་གྱི་རྐང་པ་	legs of miraclous emanation
རྫུན་	lie | false
རྫོགས་	complete
རྫོགས་ཆེན་	Great completion
རྫོགས་པ་	completion | complete
རྫོགས་པ་ཆེ་	Great Completion
རྫོགས་རིམ་	completion stage
རྫོགས་ལྡན་གྱི་དུས་	Complete era
རླུང་	loong | wind
རླུང་ནད་	loong disease
རློམ་པ་	to manipulate | to influence
རློམ་སེམས་	puffed up mind
ལ་ལ་	some
ལ་སོགས་	and so on | and others
ལ་སོགས་པ	and so on | and others
ལག་	hand
ལག་པ	hand
ལག་མཐིལ་	palm of hand
ལང་བ་	to get up | to stand | to rise
ལངས་	to get up | to stand | to rise
ལངས་པ་	{P} to stand up | to get up | to rise
ལངྐར་གཤེགས་པའི་མདོ་	the Descent to Lanka Sutra
ལན་	reply | answer | response | times
ལམ	path | way | road | street
ལམ་	path
ལམ་རིམ་	Stages of Path
ལམ་ལྔ་	Five Paths
ལས་ཀྱི་རླུང་	karmic loong
ལས་ངན་	bad karma
ལས་དང་པོ་པ་	a beginner
ལུགས་	way | system | approach | tradition | progression | order
ལུགས་འབྱུང་	forward order | forward progression
ལུགས་ལྡོག་	reverse order | reverse progression | backwards
ལུང་	scriptural authorization | reading transmission
ལུང་བསྟན་	prophecy
ལུང་རྟོགས་	scripture and realization
ལུང་སྟོན་	prophecy
ལུང་སྡེ་བཞི་	Four Sections of Agama
ལུས་	body
ལུས་གནད་	the points of the body
ལུས་ངག་	body and speech
ལུས་དང་ངག་ཡིད་	body speech and mind
ལུས་ཟུངས་	bodily constituents
ལུས་རྫོགས་	complete body
ལེ་ལོ་	laziness
ལེགས་པ	excellent | good | fine
ལེགས་སྐྱེས་	a pesent | a gift | award | reward | prize
ལེན་པ་	to take | to grab hold of
ལོ་	year
ལོ་ཆེན་	great translator
ལོ་འཕོ་	year change
ལོ་རྒྱུས་	history | story
ལོག་པ	wrong
ལོག་ལྟ་	wrong views
ལོང་	colon | the large intestine
ལོང་བ་	the blind | the blinded
ལོངས་སྐུ	sambhogakaya
ལོངས་སྤྱོད་	possessions | resources
ལོངས་སྤྱོད་རྫོགས་པའི་སྐུ་	shambogakaya | complete enjoyment body
ལོན	to be arrived at | to be reached | to take
ལྐོག་མ	the throat
ལྒང་པ་	the urinary bladder
ལྔ་	five
ལྔ་པ་	fifth
ལྔ་པོ་	five
ལྕགས་	metal | iron
ལྕགས་ཀྱུ	iron hook
ལྕི་	heavy
ལྕི་བ་	heavy
ལྕེ	tongue
ལྕེབས་	{P} to jump | to dive | to throw oneself into something in order  to commit suicide
ལྗོངས	district | region | lands
ལྗོན་པ་	tree
ལྗོན་ཤིང་	tree
ལྟ་བ་	view
ལྟ་བ་ཉོན་མོངས་ཅན་	afflicted view
ལྟ་བ་མཐའ་གཉིས་	the view of the two extremes
ལྟ་བ་རྒྱ་མཚོའི་རྒྱུད་	Ocean of Views Tantra
ལྟ་བུ་	similar to | like | such
ལྟ་རྟོག་	supervision | surveillance
ལྟར	according to
ལྟར་	like | as | similar to
ལྟུང་	to fall down
ལྟུང་བ་	downfall
ལྟེ་བ	navel |  umbilical cord
ལྟེ་བ་	navel
ལྟེ་འོག་	below the navel
ལྟོ་	food | edible | stomach
ལྟོས་	to depend | to be reliant | to be in relation with | to be related to
ལྡང་བ	to arise
ལྡང་བ་	enough
ལྡང་ཚད་	sufficient measure
ལྡན	to have | to possess
ལྡན་	to have | to possess
ལྡན་པ	to have | to possess
ལྡན་པ་	to have | to possess
ལྡིང་	to fly | to glide | to float
ལྡུམ་ར་	garden
ལྡོག་	to reverse | to turn back
ལྡོག་པ་	the reverse
ལྷ་	god | deity
ལྷ་མིན་	demi-god | asura
ལྷ་མོ་	female deity
ལྷ་མོ་གསང་བའི་རྒྱུད་	Secret Female Deities Tantra
ལྷ་མོ་བཞིས་ཞུས་པ་	A Request by Four Female Deities
ལྷ་ཚོགས་	assembly of deities | assembly of gods
ལྷག་པ་	to be remaining | to be left over
ལྷག་པར་	special | especially
ལྷག་པར་མཐོང་བ་	special insight
ལྷག་མ་	remainder
ལྷག་མ་མེད་པའི་དབྱིངས་	expanse without remainder
ལྷན་	together
ལྷན་ཅིག་	together
ལྷན་ཅིག་པ	being together | simultaneous
ལྷན་ཅིག་སྐྱེས་སྦྱོར་	Co-emergent union
ལྷན་ཐབས་	addendum
ལྷན་སྐྱེས་	co-emergent
ལྷའི་བུ་	son of the gods
ལྷས་བྱིན་	Devadatta
ལྷུང་བ་	to fall | to drop down
ལྷུང་བཟེད་	a bowl for begging | an alms bowl | a begging bowl
ལྷུངས་པ་	{P} to fall | to drop down
ལྷུན་	mass | bulk | imposing
ལྷུན་གྲུབ་	spontaneous existence | spontaneous presence
ལྷུན་གྲུབ་སྤྱི་ཆིངས་	General Summary of Spontaneous Presence
ལྷུན་པོ་	Mt. Meru
ལྷུམས་	{H} womb
ལྷོ་སྒོ་	southern gate | southern entrance
ལྷོད་པ	to loosen
ལྷོད་པར་	to loosen | to relax | loose
ལྷོད་པར་མི་བྱེད་	not loosen up  | not relax
ཤ་	flesh
ཤ་ཟ་	flesh eater
ཤ་ཟ་འདྲེ་	cannibal demon
ཤ་འཁོན་	grudge
ཤར་གྱི་རི་བོའི་སྡེ་	the group dwelling on the eastern mountains
ཤར་བ	to come up | to appear | to arise | to dawn
ཤར་མར་	without obstruction | unimpeded
ཤཱཀྱ་	Shakya
ཤི་	to die
ཤི་བ	{P} to die | to end
ཤིང་	tree | wood
ཤིང་རྟ་	chariot
ཤིན་ཏུ་	most | utmost
ཤིན་ཏུ་རྣལ་འབྱོར་གྱི་ཐེག་པ་	Atiyoga vehicle | Utmost Yoga Vehicle
ཤིས་བརྗོད	expression of auspiciousness
ཤུགས་	force | energy | strength
ཤུགས་བསྟན་	implied
ཤུགས་འབྱུང་བ་	natural occurence
ཤེས་	to know
ཤེས་པ་	knowledge | cognition
ཤེས་པ་	to know | to be conscious of | to cognize
ཤེས་རབ་	wisdom
ཤེས་རབ་ཀྱི་གོ་ཆ་	armour of wisdom
ཤོག	come (here) | may it happen
ས	earth | ground
ས་	ground
ས་གཡོ་	shaking earth | earthquake
ས་ཕྱོགས་	place | location | area
ས་བདག་	Earth Lords
ས་བོན་	seed
ས་མུཙྪ་རྟོག་པ་བསྡུས་པའི་རྒྱུད་	Samutsatsa Compendium of Conception Tantra
ས་ལས་	from earth
ས་ལུ་	salu rice
ས་སྒྲོགས་རིགས་ཀྱི་སྡེ་	The Group of the Lineage Dwelling in the White Lily Mountain
ས་སྡེ་ལྔ་	Five (texts on) Levels
སངས་	to be cleared | to be cleaned out
སངས་རྒྱས	Buddha | Buddhahood
སངས་རྒྱས་	Buddha/ Buddhahood
སངས་རྒྱས་ཀྱི་བྱོན་ཚུལ་	the way Buddha arrived
སངས་རྒྱས་ཀྱི་སྐུ་	Buddhakaya
སངས་རྒྱས་ངོ་སྤྲོད་པ་རིན་པོ་ཆེ་གསང་བའི་རྒྱུད་	Introducing the Buddha the Precious Secret Tantra
སངས་རྒྱས་ཐོད་པའི་རྒྱུད་	Buddha-Skull Tantra
སངས་རྒྱས་པ་	a buddhist
སངས་རྒྱས་མཉམ་སྦྱོར་གྱི་རྒྱུད་	Union of the Buddhas Tantra
སངས་རྒྱས་སྲས་གཅིག་གི་རྒྱུད་	the Single Son of the Buddhas Tantra
སིལ་བུ་	pieces | bits | fragments
སིལ་སྙན་	small cymbals
སིལ་སྙན་གྱི་སྒྲ་	sound of small cymbals
སུ་	ལ་དོན་ for endings ས་
སུ་སིདྡྷི་ཀ་ར་/ལེགས་པར་གྲུབ་པའི་རྒྱུད་	Tantra of Excellent Accomplishment
སུམ་ཅུ་	thirty
སུམ་ཅུ་རྩ་གཉིས་	thirty-two
སུམ་ཆ་	one third
སུམ་བརྒྱ་	three-hundred
སུམ་བརྒྱ་པ་	Three Hundred Stanzas on the Novitiate
སུམ་ལྡན་	Tree-fold era
སེ་གོལ	finger snap
སེང་གེ་	lion
སེང་གེ་རྩལ་རྫོགས་ཆེན་པོའི་རྒྱུད་	Tantra of the Fully Trained Lion
སེན་	nail (on the finger)
སེན་མོ་	nail
སེམས	ordinary mind
སེམས་	ordinary mind
སེམས་གནས་དགུ་	Nine Stages of Mind Abiding
སེམས་ཅན་	sentient beings
སེམས་ཉིད་	mind itself | mindness | natural state
སེམས་ཉིད་ངལ་གསོ་	Resting in the Mind Itself
སེམས་ཉིད་ཐེག་པ་ཀུན་གྱི་སྤྱི་ཆིངས་	General Summary of All Vehicles of Mind Itself
སེམས་དང་སེམས་བྱུང་	mind and mental events
སེམས་པ་	to think
སེམས་བསྐྱེད་	generation of mind of awakening
སེམས་བྱུང་	mental event(s)
སེམས་ཙམ་	mind-only
སེམས་ལས་	activities of mind
སེམས་སྐྱིལ་	bodhisattva's posture
སེམས་སྡེ་	mind section
སེར་སྐྱ་	kapila | whitish-yellow
སེལ	to dispel
སེལ་	to dispel
སེལ་བ	to dispel | to eliminate | to clear away
སོ	tooth
སོ་	tooth
སོ་ནམ་	agriculture | farming
སོ་སོ	individual | each | personal
སོ་སོ་ཡང་དག་པར་རིག་པ་བཞི་	four individual authentic cognitions
སོ་སོ་སྐྱེ་བོ་	individulized beings
སོ་སོ་སྐྱེ་བོའི་ས་	stage of individulized beings
སོག་པ་	shoulder blade
སོགས་	and so on | and others
སོང་	went
སོང་བ	{P} to go
སོར་མོ་	finger | toe
སོལ་བ་	charcoal
སྐད་	language | speech
སྐད་ཅིག་	instant | moment
སྐད་ཅིག་གིས་	instantly
སྐད་ཅིག་མ་	instant | moment
སྐབས་	during | at this point | at the time of
སྐར་མ་	star
སྐལ་པ་	portion | fortune
སྐལ་པ་མཉམ་པ་	equally fortunate
སྐལ་ལྡན་	fortunate ones
སྐུ་	kaya | body
སྐུ་གདུང་	{H} dead body | corpse
སྐུ་གསུང་ཐུགས་	body speech and mind
སྐུ་གསུམ་	trikaya
སྐུ་བཞི་	the four kayas | the four bodies (of a Buddha)
སྐུ་མཆེད་	relative | brother | sister
སྐུ་མདོག་	body colour
སྐུ་ལྔ་	five kayas
སྐུད་པ	thread | string | wire
སྐུའི་ཆོ་འཕྲུལ་	magical emanation of body
སྐུའི་རྒྱུད་འཇམ་དཔལ་སྒྱུ་འཕྲུལ་དྲ་བ་	Body Tantra Manjushri's Net of Illusory Display
སྐུར་འདེབས་	to denignate | to understate | to belittle
སྐེད་པ	lower back
སྐེད་པ་	lower back
སྐོར་གསུམ་	trilogy | three-section | three cycle
སྐྱ་	plain
སྐྱབས་	refuge | protector | protection | shelter
སྐྱབས་གནས་	place of refuge | refuge | shelter
སྐྱབས་གསུམ་	three refuges
སྐྱབས་འགྲོ་	taking | refuge refuge
སྐྱབས་འགྲོ་བ	to go for refuge | to take refuge
སྐྱབས་ཡུལ་	object of refuge | place of refuge
སྐྱབས་སེམས་	taking refuge and arousing bodhicitta
སྐྱི་བུང་	to be frightened and anxious
སྐྱིད་	happiness
སྐྱིད་ཤོད་	Kyisho
སྐྱིལ་ཀྲུང་	crossed (legs)
སྐྱེ་དགུ་	all kinds of beings | the nine types of birth | beings of all nine kinds
སྐྱེ་པ་	to arise | to be produce | to be born
སྐྱེ་བ	to arise | to be produce | to be born
སྐྱེ་བ་	to be born | to arise | to be produced
སྐྱེ་བ་མེད	birthless
སྐྱེ་བ་སྤྲུལ་སྐུ་	born nirmanakaya
སྐྱེ་མེད་རིན་པོ་ཆེའི་མཛོད་	Treasury of Birthlessness
སྐྱེ་རྡོ་རྗེའི་རྒྱུད་	Origination of Vajra Tantra
སྐྱེངས་	to be embarrassed | to be abashed
སྐྱེད	to generate | to arouse | to produce | to give birth to | to form
སྐྱེད་པ	to generate | to arouse | to produce | to give birth to | to form
སྐྱེས་	to arise | to emerge | to be born | to be produced
སྐྱེས་པ	to arise | to emerge | to be born | to be produced
སྐྱེས་པ་	born
སྐྱེས་པ་རབས་	Successive Lives
སྐྱེས་པ་རབས་ཀྱི་སྡེ་	sections of Jataka Tales | section of stories from the succession of lives
སྐྱེས་བུ་	person | human-being
སྐྱེས་བུ་དམ་པ་	sublime person | holy person
སྐྱེས་མཆོག་	supreme being
སྐྱེས་མེད་	birthless
སྐྱེས་སྦྱོར་	arising union | emergent union
སྐྱོང་བ	to preserve | to maintain | to look after
སྐྱོང་བ་	to protect | to guard | to preserve | to maintain
སྐྱོངས་	to protect | to guard | to preserve | to maintain
སྐྱོད་པ་	to cause something | to move | to shake
སྐྱོན་	fault | defect | mistake
སྐྱོན་ཡོན་	faults and good qualities
སྐྱོབ་པ་	protector
སྐྲག་	to be afraid | scared | frightened
སྒུར་བ་	to bend
སྒོ་	door | gate | entrance
སྒོ་ཁང་	entrance into a house | vestibule
སྒོ་གསུམ་	three doors | three gates
སྒོམ་	cultivate
སྒོམ་ཐག་	meditation belt
སྒོམ་པ	meditation | cultivation
སྒོམ་པ་	cultivation
སྒོམ་རིམ་	stages of meditation
སྒོམ་རིམ་གསུམ་པ་	Three Stages of Cultivation
སྒྱུ་	illusion | maya
སྒྱུ་མ་	illusion
སྒྱུ་མ་ངལ་གསོ་	Finding Rest From Illusion
སྒྱུ་མ་ཆེན་པོའི་རྒྱུད་	Great Illusion Tantra
སྒྱུ་འཕྲུལ་	illusory display | emanation
སྒྱུ་འཕྲུལ་དྲ་བ་	net of illusory display
སྒྱུ་འཕྲུལ་བླ་མའི་རྒྱུད་	Guru's Illusory Display Tantra
སྒྱུ་རྩལ་	sporting abilities
སྒྱུར་	to change | to transform | to turn into
སྒྲ	sound | grammar | term
སྒྲ་	sound
སྒྲ་གཅན	Rahu
སྒྲ་ཐལ་འགྱུར་རྩ་བའི་རྒྱུད་	The Consequence of Sound Root Tantra
སྒྲ་དོན	meaning of the term | term and meaning
སྒྲའི་བསྟན་བཅོས་ཙནྡྲ་པ་	Chandra's Treatise on Grammar
སྒྲིབ་	obscuration
སྒྲིབ་པ་	obscuration
སྒྲིམ་	to twist
སྒྲུབ་	attainment | accomplishment
སྒྲུབ་ཆེན་	great accomplishment
སྒྲུབ་ཐབས་	method for accomplishment
སྒྲུབ་པ་	accomplishment | to accomplish
སྒྲེག་པ་	burp
སྒྲོ་	feathers
སྒྲོ་འདོགས་	exaggeration
སྒྲོ་འདོགས་པ་	to exaggerate | exaggeration
སྒྲོ་སྐུར་	exaggeration and understatement
སྒྲོ་སྐུར་	to affix | to assign | give to | put to | to give name to | to designate | to impute
སྒྲོན་མ་	lamp
སྒྲོལ	to liberate | to release | to save
སྒྲོལ་བ་	to liberate
སྒྲོལ་མ་	Tara
སྒྲོལ་མའི་རྒྱུད་	Tara Tantra
སྔ་དྲོ་	early morning
སྔ་མ	past time | previously | in the past | formely | before
སྔགས་	mantra
སྔགས་པ་	tantric practitioner
སྔར་	earlier | previously | in the past | before | formely
སྔར་བཞིན་	as before
སྔར་ལྟར་	as before | like in the passt
སྔོ་སྐྱ་	pale blue
སྔོན་	past | before
སྔོན་ཆད་	before and now
སྔོན་དུས་	the past | past time | previous time
སྔོན་པོ	blue
སྔོན་པོ་	blue
སྔོན་བཞིན་	like earlier
སྔོན་འགྲོ་	preliminary | preliminary practices
སྔོན་རོལ་	the past
སྙམ་	to think | to wonder
སྙི་བ་	soft and smooth
སྙིང་	heart
སྙིང་ག	heart center
སྙིང་ག་	heart center
སྙིང་པོ	essence | core | heart
སྙིང་པོ་	essence | core | heart
སྙིང་པོ་གསང་བའི་རྒྱུད་	the Secret Essence Tantra
སྙིང་པོའི་དོན་	essential meaning
སྙིང་པོའི་རྣལ་འབྱོར་པ་	essential yogi
སྙིང་རུས་	willpower
སྙིང་རྗེ་	compassion
སྙུང་གཞི་	illness | disease | sickness
སྙོམས་འཇུག་	equilibrium
སྟག་མོ་	tigress
སྟངས་	way | mode | manner | style
སྟངས་སྟབས་	pose | posture | stance | step
སྟན་	seat | mat
སྟུག་པོ་བཀོད་པ་	densely arrayed
སྟེ་	Continuative used with ending letter ད་ ག་ ང་ བ་ མ་ འ་ and no ending
སྟེང་	above | upper
སྟེང་འོག་	above and below
སྟེན་	to rely
སྟེར་བ	to give | to hand over | to proffer | to bestow | to supplement | to add more
སྟོང་	empty
སྟོང་གསལ་	emptiness and luminosity
སྟོང་པ	empty
སྟོང་ཕྲག་	thousand
སྟོད་	upper
སྟོད་སྨད་	upper and lower
སྟོན་	to teach | to show | to demonstrate | to reveal | teacher | Buddha
སྟོན་པ	teacher
སྟོན་པ་	to show | to teach
སྟོབས་	power
སྟོབས་པོ་ཆེ་	great force
སྟོབས་པོ་ཆེ་ཡོངས་སུ་སྒྲོལ་བའི་རྒྱུད་	Tantra of Great Force Total Liberation
སྡིག་	degradation
སྡིག་ཏོ་	evil thoughts and deeds
སྡིག་པ	evil | evil deeds | negative actions
སྡིག་སྒྲིབ་	degradations and obscurations
སྡུ་བ་	gathering | magnetizing
སྡུག་	pleasant | attractive | delightful
སྡུག་བསྔལ་	sufferings
སྡུད་	to draw together | to condense
སྡུད་པ	to draw together | to condense
སྡེ་གསུམ་	Three Sections
སྡེ་པ་	school | level | section
སྡེ་པ་ཐ་དད་པར་ཀློག་པའི་འཁོར་ལོ་	different sects of wheel of reading
སྡེ་སྣོད་	Pitaka | basket
སྡེ་སྣོད་གསུམ་	the Three Baskets
སྡོང་པོ་	trunk
སྡོང་པོ་བཀོད་པ་	The Stem Array Sutra
སྡོང་བུ་	trunk
སྡོམ་	to fasten | to restrain | to hold tightly
སྡོམ་པ	to fasten | to restrain | to hold tightly
སྡོམ་པ་	to fasten | to restrain | to hold tightly
སྡོམ་རྣམ་པ་གཉིས་	the Two Summaries
སྣ་	nose
སྣ་དྲི་	mucous | snot | nose and smell
སྣ་བུག་	nostril
སྣ་མང་བ་	many sorts | many different sorts of
སྣ་ཚོགས་	variety | diverse | various | diversity of | different kinds
སྣ་འདྲེན་	to lead thr way
སྣག་	relatives | relations
སྣང་	appearence
སྣང་བ་	appearance
སྣང་སྲིད་	appearance and existence | container and contained
སྣམ་རས་	woolen and cotton cloth
སྣམ་སྦྱར་	monks shawl
སྣུམ་	oil
སྣུམ་བྱུག་	to apply oil
སྣོད་	vessel | container | pitaka
སྤང་	to abandon
སྤང་བ	to abandon
སྤངས	to abandon
སྤེལ་	{I} propagate | increase | promote | expand
སྤོང་བ་	to abandon
སྤོས་	to shift
སྤྱད་པ	to do | to behave | to engage
སྤྱན་	{H} eye
སྤྱན་རས་གཟིགས་བརྟུལ་ཞུགས་	Avalokitavrata
སྤྱན་སྔ་	before | in front of | in the presence of
སྤྱི་	general
སྤྱི་ཆིངས་	general summary
སྤྱི་བོ	crown (of the head)
སྤྱི་བོ་	crown (of the head) | the apex | a superior
སྤྱི་བོ་བདེ་ཆེན་གྱི་འཁོར་ལོ	the crown chakra of great bliss
སྤྱིའི་དོན་	general meaning
སྤྱིར་	generally
སྤྱིར་བཏང་	generally
སྤྱོ་བ་	scolding
སྤྱོད་	to enjoy
སྤྱོད་པ་	conduct | behavior
སྤྱོད་པ་རྒྱུད་	Conduct Tantra
སྤྱོད་འཇུག་	Entering the Conduct
སྤྱོད་རྒྱུད་ཀྱི་ཐེག་པ་	Conduct Tantra Vehicle
སྤྱོད་ལམ་	behaviour | conduct
སྤྲད	{PF} to give | to meet
སྤྲིངས་ཡིག་	letter
སྤྲིན་ཚོགས་	gathering of clouds
སྤྲུག་	shake up
སྤྲུགས་	to shake up
སྤྲུགས་པ	to shake up
སྤྲུལ་	to emanate
སྤྲུལ་པ	emanation
སྤྲུལ་པ་	emanation
སྤྲུལ་སྐུ	nirmanakaya
སྤྲུལ་སྐུ་	nirmanakaya
སྤྲོ	to give of | to radiate | to elaborate
སྤྲོས་བྲལ་	free of elaboration
སྦ་བ་	private parts (something which is hidden / private / not public)
སྦགས་	sullied | polluted | soiled | contaminated
སྦར་བ་	{P} {F} to make blaze up | to light | to set fire to
སྦུབས	cavity | shell | womb | hollow enclosure | interior space | cocoon
སྦོམ་པ་	thick
སྦོམ་ཕྲ་	thickness | breadth
སྦོས་	{I} to hide
སྦྱང་པ	to practice | to train | to purify
སྦྱང་བ་	to practice | to train | to purify
སྦྱངས	to practice | to train | to purify
སྦྱངས་	to practice | to train | to purify
སྦྱངས་པའི་ཡོན་ཏན་	ascetic virtues
སྦྱར	to connect | to join
སྦྱིན	to give
སྦྱིན་བདག་	benefactor | patron | provider | donor | sponsor
སྦྱིན་སྲེག་	fire offering | homa
སྦྱིན་སྲེག་གི་རྒྱུད་	Fire Puja Tantra
སྦྱོང་བ་	to practice | to train | to purify
སྦྱོར	to connect | to join
སྦྱོར་	union | unification | connect | join
སྦྱོར་བ་	to connect | to join
སྦྱོར་བྱེད་	to unite
སྦྲགས་	to conjoin | to group together
སྦྲན	{PF} to call and summon | to send for | to call for
སྦྲིད་པ་	a sneeze
སྨད་	lower
སྨད་	lower part
སྨད་པ་	disparagement | belittlement | abuse
སྨད་པ་	{P/F} to disparage | to belittle | to put down | to condemn
སྨན་	medicine
སྨན་བླ	Medicine Buddha
སྨན་སྤྱད་	medicine and therapy
སྨིན་	to mature | to ripen
སྨིན་པ	to mature | to ripen
སྨིན་པ་	ripening | maturation | bright
སྨིན་པ་	to come to maturity | to mature | to become ripe | to ripen
སྨིན་མཚམས་	the point between eyebrows
སྨོད་པ་	to disparage | to belittle | to put down | to condemn
སྨོན་པ	to aspire | to pray
སྨོན་ལམ་	aspiration
སྨོན་སེམས་	aspiring mind
སྨྱུག་	bamboo
སྨྲ་	speech
སྨྲ་བ་	to say | to speak | to state
སྨྲ་བརྗོད་	to talk
སྨྲས་པ	{P} to say | to speak | to state
སྨྲས་པ་	spoke
སྩལ་པ	{H} to bestow | to grant | to confer
སྭ་བྷཱ་ཝ་	nature
སྲ་	firm | solid
སྲ་བ	firm | solid
སྲ་བ་	firm | solid
སྲད་བུ་	thread | cord
སྲབ་པ་	thin
སྲབ་འཐུག་	thikness
སྲས་	[Hon] son
སྲས་པོ་	{H} son
སྲིད	existence
སྲིད་	existence
སྲིད་པ	existence
སྲིན་པོ་	rakshasa | ghost | spirit
སྲིན་བུ་	small | creature | insect | virus | bacteria | worm
སྲུང་	to protect
སྲུང་བ་	guard
སྲེད་པ་	thirsting after | craving
སྲོག་	life
སྲོག་གི་འཁོར་ལོའི་རྒྱུད་	Wheel of Life Tantra
སྲོག་ཆེན་	great life-breath
སྲོག་ཆེན་པོ་	great life-breath
སྲོག་ཆེན་པོའི་རླུང་	loong of the great life-breath
སྲོག་པ་	life
སྲོག་འཛིན་གྱི་རླུང་	life-holder loong
སྲོག་རྩ་	aorta | life channel
སྲོག་ཤིང་	life-tree
སླ་ང་	frying pan | wok | griddle
སླད་པ་	spoiled | tainted | adulterated
སླར་	later
སླར་ཡང་	once again | once more
སླུ་བ་	to deceive
སླེབ་པ་	to arrive
སླེབས་པ	{P} to arrive | to get to
སློང་བ	to cause other things to rise up | to arise | to come up
སློབ་དཔོན་	master
སློབ་པ་	to train in | to teach | to learn
སློབ་མ་	disciple | student
ཧད་	suddenly | all of a sudden
ཧེ་རུ་ཀ་	Heruka
ཨ་ཏི་བཀོད་པ་ཆེན་པོ་ཡོངས་སུ་རྫོགས་པའི་རྒྱུད་	Totally Complete Great Ati Display Tantra
ཨ་ཏི་བཀོད་པ་ཆེན་པོའི་རྒྱུད་	The Great Ati Display Tantra
ཨ་ཏི་ཡོ་ག་	Peak Yoga
ཨ་ནུ་ཡོ་ག་	Subsequent Yoga
ཨ་ཕ་	father
ཨ་བ་དྷུཏི་	Avadhuti (name of the central channel)
ཨ་མ་	mother
ཨ་མོ་གྷ་པཱ་ཤའི་རྒྱུད་	Tantra of Amoghapasa
ཨན་སྟོང་	antong (name of the first vertebrae at the top of the spine)
ཨུ་པའི་རྒྱུད་	Upaya Tantra
ཨུཏྤལ་	Utpala | the blue lotus flower
ཨོ་རྒྱན་	Uddiyana
ཨོ་རྒྱན་མཚོ་གླིང་	island of Uddiyana
